timestamp,open,high,low,close,volume,trade_count,vwap
2020-05-28 04:00:00,85.6,85.6,85.6,85.6,366.0,10.0,85.6
2020-05-29 04:00:00,85.6,85.6,85.59,85.59,9758.0,16.0,85.6
2020-06-01 04:00:00,85.6,85.6,85.6,85.6,1618.0,6.0,85.6
2020-06-02 04:00:00,85.6,85.6,85.59,85.59,3957.0,7.0,85.59
2020-06-03 04:00:00,85.59,85.59,85.59,85.59,0.0,0.0,0.0
2020-06-04 04:00:00,85.58,85.6,85.58,85.6,2403.0,22.0,85.59
2020-06-05 04:00:00,85.6,85.6,85.6,85.6,370.0,5.0,85.6
2020-06-08 04:00:00,85.6,85.6,85.6,85.6,0.0,0.0,0.0
2020-06-09 04:00:00,85.6,85.6,85.6,85.6,0.0,0.0,0.0
2020-06-10 04:00:00,85.6,85.6,85.6,85.6,12306.0,7.0,85.6
2020-06-11 04:00:00,85.6,85.6,85.59,85.6,7587104.0,160.0,85.6
2020-06-12 04:00:00,85.59,85.6,85.59,85.6,4888.0,5.0,85.59
2020-06-15 04:00:00,85.6,85.6,85.6,85.6,8504.0,4.0,85.6
2020-06-16 04:00:00,85.6,85.6,85.6,85.6,0.0,0.0,0.0
2020-06-17 04:00:00,85.6,85.6,85.59,85.6,4569.0,48.0,85.6
2020-06-18 04:00:00,85.6,85.6,85.6,85.6,19588.0,59.0,85.6
2020-06-19 04:00:00,85.6,85.6,85.6,85.6,5627.0,7.0,85.6
2020-06-22 04:00:00,85.6,85.6,85.59,85.59,22478.0,39.0,85.6
2020-06-23 04:00:00,85.6,85.6,85.6,85.6,1484.0,18.0,85.6
2020-06-24 04:00:00,85.59,85.6,85.59,85.59,17125.0,33.0,85.6
2020-06-25 04:00:00,85.6,85.6,85.59,85.6,10711.0,39.0,85.59
2020-06-26 04:00:00,85.6,85.6,85.59,85.6,51198.0,80.0,85.6
2020-06-29 04:00:00,85.6,85.6,85.6,85.6,3741.0,3.0,85.6
2020-06-30 04:00:00,85.6,85.6,85.6,85.6,702.0,8.0,85.6
2020-07-01 04:00:00,85.6,85.6,85.6,85.6,15145.0,28.0,85.6
2020-07-02 04:00:00,85.6,85.61,85.6,85.6,5266.0,56.0,85.6
2020-07-06 04:00:00,85.6,85.6,85.6,85.6,2408.0,5.0,85.6
2020-07-07 04:00:00,85.59,85.6,85.59,85.6,3946.0,6.0,85.6
2020-07-08 04:00:00,85.6,85.61,85.6,85.61,18656.0,22.0,85.61
2020-07-09 04:00:00,85.61,85.61,85.61,85.61,366.0,17.0,85.61
2020-07-10 04:00:00,85.61,85.61,85.61,85.61,26446.0,158.0,85.61
2020-07-13 04:00:00,85.61,85.61,85.61,85.61,1013.0,8.0,85.61
2020-07-14 04:00:00,85.6,85.61,85.59,85.61,6477.0,48.0,85.6
2020-07-15 04:00:00,85.61,85.61,85.6,85.61,9121.0,50.0,85.61
2020-07-16 04:00:00,85.61,85.61,85.59,85.61,14736.0,37.0,85.59
2020-07-17 04:00:00,85.61,85.61,85.6,85.61,18290.0,81.0,85.61
2020-07-20 04:00:00,85.61,85.61,85.61,85.61,1198.0,8.0,85.61
2020-07-21 04:00:00,85.61,85.61,85.59,85.61,157239.0,39.0,85.61
2020-07-22 04:00:00,85.61,85.61,85.59,85.61,9021.0,77.0,85.61
2020-07-23 04:00:00,85.6,85.61,85.59,85.6,10639.0,34.0,85.6
2020-07-24 04:00:00,85.6,85.61,85.6,85.61,1411.0,21.0,85.6
2020-07-27 04:00:00,85.61,85.61,85.6,85.61,23857.0,87.0,85.61
2020-07-28 04:00:00,85.61,85.61,85.59,85.59,15995.0,35.0,85.61
2020-07-29 04:00:00,85.61,85.61,85.6,85.61,1588.0,20.0,85.6
2020-07-30 04:00:00,85.61,85.62,85.59,85.59,17033.0,64.0,85.61
2020-07-31 04:00:00,85.61,85.61,85.61,85.61,1434.0,22.0,85.61
2020-08-03 04:00:00,85.62,85.62,85.62,85.62,0.0,0.0,0.0
2020-08-04 04:00:00,85.61,85.61,85.6,85.61,1434.0,18.0,85.61
2020-08-05 04:00:00,85.6,85.61,85.6,85.61,12783.0,52.0,85.6
2020-08-06 04:00:00,85.6,85.61,85.6,85.61,21503.0,50.0,85.61
2020-08-07 04:00:00,85.61,85.62,85.61,85.62,10012.0,57.0,85.62
2020-08-10 04:00:00,85.61,85.61,85.59,85.59,25564.0,27.0,85.6
2020-08-11 04:00:00,85.61,85.61,85.61,85.61,20640.0,20.0,85.61
2020-08-12 04:00:00,85.6,85.62,85.6,85.62,291280.0,69.0,85.61
2020-08-13 04:00:00,85.61,85.61,85.61,85.61,639.0,10.0,85.61
2020-08-14 04:00:00,85.62,85.62,85.61,85.62,28674.0,82.0,85.62
2020-08-17 04:00:00,85.62,85.62,85.61,85.62,44700.0,65.0,85.62
2020-08-18 04:00:00,85.62,85.62,85.6,85.62,8255.0,37.0,85.62
2020-08-19 04:00:00,85.62,85.62,85.62,85.62,2917.0,29.0,85.62
2020-08-20 04:00:00,85.62,85.62,85.62,85.62,2954.0,41.0,85.62
2020-08-21 04:00:00,85.6,85.62,85.6,85.62,11476.0,48.0,85.62
2020-08-24 04:00:00,85.62,85.62,85.61,85.62,11264.0,84.0,85.62
2020-08-25 04:00:00,85.61,85.62,85.6,85.62,6696.0,49.0,85.62
2020-08-26 04:00:00,85.6,85.62,85.6,85.6,26027.0,65.0,85.61
2020-08-27 04:00:00,85.6,85.62,85.6,85.62,61677.0,236.0,85.61
2020-08-28 04:00:00,85.61,85.62,85.61,85.62,700.0,13.0,85.61
2020-08-31 04:00:00,85.61,85.62,85.6,85.6,20517.0,67.0,85.61
2020-09-01 04:00:00,85.62,85.62,85.6,85.6,43959.0,93.0,85.6
2020-09-02 04:00:00,85.62,85.62,85.6,85.62,14233.0,63.0,85.62
2020-09-03 04:00:00,85.61,85.62,85.61,85.61,3241.0,27.0,85.61
2020-09-04 04:00:00,85.62,85.62,85.62,85.62,470.0,13.0,85.62
2020-09-08 04:00:00,85.61,85.62,85.61,85.62,2244.0,24.0,85.61
2020-09-09 04:00:00,85.62,85.62,85.61,85.62,58575.0,104.0,85.62
2020-09-10 04:00:00,85.62,85.62,85.61,85.61,1610.0,15.0,85.61
2020-09-11 04:00:00,85.62,85.62,85.61,85.62,12484.0,49.0,85.62
2020-09-14 04:00:00,85.61,85.62,85.61,85.62,4917.0,39.0,85.61
2020-09-15 04:00:00,85.62,85.62,85.61,85.61,14773.0,56.0,85.61
2020-09-16 04:00:00,85.61,85.62,85.61,85.62,2485.0,26.0,85.61
2020-09-17 04:00:00,85.62,85.62,85.61,85.61,2986.0,32.0,85.61
2020-09-18 04:00:00,85.62,85.62,85.61,85.61,761.0,16.0,85.62
2020-09-21 04:00:00,85.62,85.62,85.62,85.62,58506.0,13.0,85.62
2020-09-22 04:00:00,85.62,85.62,85.61,85.62,16417.0,53.0,85.61
2020-09-23 04:00:00,85.62,85.62,85.61,85.62,11416.0,49.0,85.61
2020-09-24 04:00:00,85.61,85.62,85.61,85.61,11006.0,87.0,85.61
2020-09-25 04:00:00,85.62,85.62,85.62,85.62,824.0,15.0,85.62
2020-09-28 04:00:00,85.62,85.62,85.62,85.62,485225.0,56.0,85.62
2020-09-29 04:00:00,85.62,85.62,85.62,85.62,3307.0,35.0,85.62
2020-09-30 04:00:00,85.62,85.62,85.61,85.62,922.0,20.0,85.62
2020-10-01 04:00:00,85.62,85.62,85.61,85.62,31114.0,110.0,85.62
2020-10-02 04:00:00,85.61,85.62,85.6,85.62,14992.0,38.0,85.61
2020-10-05 04:00:00,85.62,85.62,85.62,85.62,40236.0,105.0,85.62
2020-10-06 04:00:00,85.62,85.62,85.61,85.61,28073.0,84.0,85.62
2020-10-07 04:00:00,85.61,85.63,85.61,85.62,59512.0,116.0,85.62
2020-10-08 04:00:00,85.62,85.62,85.61,85.62,44308.0,129.0,85.62
2020-10-09 04:00:00,85.62,85.62,85.62,85.62,11133.0,40.0,85.62
2020-10-12 04:00:00,85.62,85.62,85.61,85.62,23141.0,52.0,85.62
2020-10-13 04:00:00,85.61,85.62,85.61,85.62,48377.0,147.0,85.62
2020-10-14 04:00:00,85.62,85.62,85.62,85.62,17025.0,48.0,85.62
2020-10-15 04:00:00,85.62,85.65,85.62,85.62,115644.0,165.0,85.64
2020-10-16 04:00:00,85.61,85.62,85.61,85.62,8194.0,35.0,85.62
2020-10-19 04:00:00,85.62,85.62,85.62,85.62,14641.0,53.0,85.62
2020-10-20 04:00:00,85.61,85.62,85.61,85.62,11358.0,47.0,85.62
2020-10-21 04:00:00,85.62,85.62,85.61,85.62,17063.0,46.0,85.62
2020-10-22 04:00:00,85.62,85.62,85.62,85.62,16092.0,29.0,85.62
2020-10-23 04:00:00,85.63,85.63,85.62,85.63,15194.0,30.0,85.63
2020-10-26 04:00:00,85.62,85.63,85.62,85.63,3447.0,34.0,85.63
2020-10-27 04:00:00,85.62,85.63,85.61,85.62,7747.0,30.0,85.62
2020-10-28 04:00:00,85.62,85.63,85.62,85.62,6107.0,28.0,85.62
2020-10-29 04:00:00,85.62,85.63,85.61,85.63,2114.0,24.0,85.62
2020-10-30 04:00:00,85.62,85.63,85.61,85.63,4983.0,19.0,85.62
2020-11-02 05:00:00,85.62,85.62,85.62,85.62,2120.0,33.0,85.62
2020-11-03 05:00:00,85.62,85.62,85.62,85.62,4187.0,29.0,85.62
2020-11-04 05:00:00,85.62,85.62,85.62,85.62,500.0,9.0,85.62
2020-11-05 05:00:00,85.62,85.62,85.62,85.62,2272.0,15.0,85.62
2020-11-06 05:00:00,85.62,85.62,85.62,85.62,2962.0,21.0,85.62
2020-11-09 05:00:00,85.62,85.62,85.62,85.62,11195.0,33.0,85.62
2020-11-10 05:00:00,85.62,85.62,85.62,85.62,1972.0,23.0,85.62
2020-11-11 05:00:00,85.62,85.62,85.62,85.62,8740.0,12.0,85.62
2020-11-12 05:00:00,85.62,85.62,85.62,85.62,3272.0,31.0,85.62
2020-11-13 05:00:00,85.62,85.62,85.62,85.62,35524.0,350.0,85.62
2020-11-16 05:00:00,85.62,85.62,85.62,85.62,5833.0,31.0,85.62
2020-11-17 05:00:00,85.62,85.62,85.62,85.62,2074.0,28.0,85.62
2020-11-18 05:00:00,85.62,85.63,85.62,85.62,782660.0,61.0,85.62
2020-11-19 05:00:00,85.62,85.63,85.62,85.62,190051.0,100.0,85.62
2020-11-20 05:00:00,85.62,85.63,85.62,85.62,7948.0,66.0,85.62
2020-11-23 05:00:00,85.63,85.63,85.62,85.62,4289.0,41.0,85.62
2020-11-24 05:00:00,85.63,85.63,85.62,85.62,11667.0,49.0,85.63
2020-11-25 05:00:00,85.63,85.63,85.62,85.62,4599.0,37.0,85.63
2020-11-27 05:00:00,85.63,85.63,85.63,85.63,7869.0,38.0,85.63
2020-11-30 05:00:00,85.62,85.63,85.62,85.62,8586.0,43.0,85.62
2020-12-01 05:00:00,85.62,85.63,85.62,85.62,9851.0,47.0,85.62
2020-12-02 05:00:00,85.62,85.63,85.62,85.62,9886.0,36.0,85.62
2020-12-03 05:00:00,85.62,85.63,85.62,85.63,23137.0,112.0,85.63
2020-12-04 05:00:00,85.62,85.63,85.62,85.62,15148.0,53.0,85.62
2020-12-07 05:00:00,85.62,85.63,85.62,85.62,44526.0,130.0,85.62
2020-12-08 05:00:00,85.63,85.63,85.62,85.62,65891.0,35.0,85.63
2020-12-09 05:00:00,85.62,85.63,85.62,85.62,7912.0,40.0,85.63
2020-12-10 05:00:00,85.63,85.64,85.62,85.63,35648.0,118.0,85.62
2020-12-11 05:00:00,85.63,85.63,85.62,85.63,32609.0,75.0,85.62
2020-12-14 05:00:00,85.63,85.64,85.62,85.63,46369.0,89.0,85.63
2020-12-15 05:00:00,85.63,85.64,85.62,85.63,82626.0,170.0,85.63
2020-12-16 05:00:00,85.63,85.64,85.63,85.63,6560.0,46.0,85.63
2020-12-17 05:00:00,85.63,85.63,85.63,85.63,13079.0,51.0,85.63
2020-12-18 05:00:00,85.63,85.63,85.63,85.63,73268.0,91.0,85.63
2020-12-21 05:00:00,85.63,85.63,85.63,85.63,36189.0,94.0,85.63
2020-12-22 05:00:00,85.63,85.63,85.63,85.63,80043.0,141.0,85.63
2020-12-23 05:00:00,85.63,85.63,85.63,85.63,48164.0,139.0,85.63
2020-12-24 05:00:00,85.63,85.63,85.63,85.63,22289.0,88.0,85.63
2020-12-28 05:00:00,85.63,85.63,85.63,85.63,46428.0,125.0,85.63
2020-12-29 05:00:00,85.63,85.63,85.63,85.63,47333.0,169.0,85.63
2020-12-30 05:00:00,85.63,85.63,85.63,85.63,3730.0,34.0,85.63
2020-12-31 05:00:00,85.63,85.63,85.63,85.63,47174.0,48.0,85.63
2021-01-04 05:00:00,85.63,85.63,85.63,85.63,74563.0,87.0,85.63
2021-01-05 05:00:00,85.63,85.63,85.63,85.63,4443.0,48.0,85.63
2021-01-06 05:00:00,85.63,85.63,85.63,85.63,15175.0,56.0,85.63
2021-01-07 05:00:00,85.63,85.63,85.63,85.63,42159.0,87.0,85.63
2021-01-08 05:00:00,85.63,85.63,85.63,85.63,38974.0,105.0,85.63
2021-01-11 05:00:00,85.63,85.63,85.63,85.63,21868.0,134.0,85.63
2021-01-12 05:00:00,85.63,85.63,85.63,85.63,19018.0,67.0,85.63
2021-01-13 05:00:00,85.63,85.63,85.63,85.63,9377.0,76.0,85.63
2021-01-14 05:00:00,85.63,85.63,85.63,85.63,67385.0,162.0,85.63
2021-01-15 05:00:00,85.63,85.63,85.63,85.63,19151.0,49.0,85.63
2021-01-19 05:00:00,85.63,85.63,85.63,85.63,125013.0,134.0,85.63
2021-01-20 05:00:00,85.63,85.63,85.63,85.63,154058.0,513.0,85.63
2021-01-21 05:00:00,85.63,85.63,85.63,85.63,21647.0,38.0,85.63
2021-01-22 05:00:00,85.63,85.63,85.63,85.63,63233.0,106.0,85.63
2021-01-25 05:00:00,85.63,85.63,85.63,85.63,68025.0,116.0,85.63
2021-01-26 05:00:00,85.63,85.63,85.63,85.63,62516.0,158.0,85.63
2021-01-27 05:00:00,85.63,85.63,85.63,85.63,101927.0,109.0,85.63
2021-01-28 05:00:00,85.63,85.63,85.63,85.63,21455.0,96.0,85.63
2021-01-29 05:00:00,85.63,85.63,85.63,85.63,40386.0,79.0,85.63
2021-02-01 05:00:00,85.63,85.64,85.63,85.63,68821.0,122.0,85.63
2021-02-02 05:00:00,85.63,85.64,85.63,85.63,54191.0,95.0,85.63
2021-02-03 05:00:00,85.64,85.64,85.63,85.63,56038.0,148.0,85.63
2021-02-04 05:00:00,85.64,85.64,85.63,85.63,136884.0,127.0,85.63
2021-02-05 05:00:00,85.64,85.64,85.63,85.63,71511.0,118.0,85.63
2021-02-08 05:00:00,85.64,85.64,85.63,85.63,106676.0,90.0,85.63
2021-02-09 05:00:00,85.64,85.64,85.63,85.63,34121.0,72.0,85.63
2021-02-10 05:00:00,85.64,85.64,85.63,85.63,47559.0,77.0,85.63
2021-02-11 05:00:00,85.63,85.64,85.63,85.64,76379.0,95.0,85.63
2021-02-12 05:00:00,85.64,85.64,85.63,85.64,29717.0,34.0,85.64
2021-02-16 05:00:00,85.63,85.64,85.63,85.63,28730.0,37.0,85.63
2021-02-17 05:00:00,85.63,85.64,85.63,85.63,47910.0,70.0,85.63
2021-02-18 05:00:00,85.64,85.64,85.63,85.63,65675.0,121.0,85.63
2021-02-19 05:00:00,85.64,85.64,85.63,85.64,25326.0,81.0,85.64
2021-02-22 05:00:00,85.63,85.64,85.63,85.64,28552.0,54.0,85.63
2021-02-23 05:00:00,85.63,85.64,85.63,85.63,48183.0,84.0,85.63
2021-02-24 05:00:00,85.63,85.64,85.63,85.64,67535.0,95.0,85.64
2021-02-25 05:00:00,85.64,85.64,85.63,85.63,52144.0,75.0,85.63
2021-02-26 05:00:00,85.63,85.64,85.63,85.63,33680.0,65.0,85.63
2021-03-01 05:00:00,85.64,85.65,85.64,85.65,19891.0,93.0,85.64
2021-03-02 05:00:00,85.63,85.65,85.63,85.65,199567.0,281.0,85.64
2021-03-03 05:00:00,85.65,85.65,85.63,85.63,29518.0,59.0,85.64
2021-03-04 05:00:00,85.64,85.65,85.63,85.65,16277.0,53.0,85.64
2021-03-05 05:00:00,85.63,85.64,85.63,85.64,13434.0,45.0,85.64
2021-03-08 05:00:00,85.63,85.64,85.63,85.64,30035.0,60.0,85.63
2021-03-09 05:00:00,85.64,85.64,85.63,85.63,24620.0,132.0,85.63
2021-03-10 05:00:00,85.64,85.64,85.63,85.64,17773.0,80.0,85.64
2021-03-11 05:00:00,85.64,85.65,85.63,85.63,14567.0,52.0,85.63
2021-03-12 05:00:00,85.65,85.65,85.63,85.63,19786.0,38.0,85.64
2021-03-15 04:00:00,85.64,85.64,85.63,85.64,16829.0,61.0,85.64
2021-03-16 04:00:00,85.64,85.65,85.64,85.65,12511.0,50.0,85.65
2021-03-17 04:00:00,85.65,85.65,85.64,85.64,5663.0,31.0,85.64
2021-03-18 04:00:00,85.65,85.65,85.64,85.64,15925.0,61.0,85.64
2021-03-19 04:00:00,85.64,85.64,85.64,85.64,12716.0,47.0,85.64
2021-03-22 04:00:00,85.64,85.65,85.64,85.64,26484.0,64.0,85.64
2021-03-23 04:00:00,85.64,85.65,85.64,85.65,103173.0,115.0,85.65
2021-03-24 04:00:00,85.65,85.65,85.64,85.64,41284.0,148.0,85.64
2021-03-25 04:00:00,85.65,85.65,85.64,85.64,14452.0,52.0,85.64
2021-03-26 04:00:00,85.65,85.65,85.64,85.64,20460.0,49.0,85.64
2021-03-29 04:00:00,85.64,85.65,85.63,85.63,109256.0,550.0,85.64
2021-03-30 04:00:00,85.64,85.65,85.64,85.64,4316.0,35.0,85.64
2021-03-31 04:00:00,85.63,85.65,85.63,85.63,67293.0,595.0,85.64
2021-04-01 04:00:00,85.64,85.65,85.64,85.64,7923.0,37.0,85.64
2021-04-05 04:00:00,85.64,85.64,85.63,85.64,128726.0,856.0,85.64
2021-04-06 04:00:00,85.64,85.65,85.64,85.65,24794.0,116.0,85.64
2021-04-07 04:00:00,85.65,85.65,85.64,85.64,58026.0,83.0,85.64
2021-04-08 04:00:00,85.65,85.65,85.64,85.65,31434.0,88.0,85.64
2021-04-09 04:00:00,85.65,85.65,85.64,85.64,13961.0,66.0,85.64
2021-04-12 04:00:00,85.64,85.65,85.64,85.64,68185.0,63.0,85.65
2021-04-13 04:00:00,85.65,85.65,85.64,85.64,21220.0,60.0,85.64
2021-04-14 04:00:00,85.64,85.65,85.64,85.64,38403.0,83.0,85.65
2021-04-15 04:00:00,85.64,85.65,85.64,85.64,52670.0,55.0,85.65
2021-04-16 04:00:00,85.64,85.65,85.64,85.65,183391.0,161.0,85.65
2021-04-19 04:00:00,85.64,85.65,85.64,85.65,199861.0,304.0,85.64
2021-04-20 04:00:00,85.65,85.65,85.64,85.64,83031.0,111.0,85.64
2021-04-21 04:00:00,85.65,85.65,85.64,85.64,19720.0,80.0,85.64
2021-04-22 04:00:00,85.64,85.65,85.64,85.65,31257.0,78.0,85.65
2021-04-23 04:00:00,85.64,85.65,85.64,85.65,29994.0,92.0,85.64
2021-04-26 04:00:00,85.65,85.65,85.64,85.64,98107.0,160.0,85.64
2021-04-27 04:00:00,85.65,85.65,85.64,85.64,47161.0,74.0,85.64
2021-04-28 04:00:00,85.65,85.65,85.64,85.64,21125.0,71.0,85.65
2021-04-29 04:00:00,85.64,85.65,85.64,85.65,27758.0,142.0,85.65
2021-04-30 04:00:00,85.64,85.65,85.64,85.65,16230.0,71.0,85.65
2021-05-03 04:00:00,85.65,85.65,85.64,85.65,65331.0,109.0,85.65
2021-05-04 04:00:00,85.65,85.65,85.64,85.64,20515.0,67.0,85.65
2021-05-05 04:00:00,85.64,85.65,85.64,85.65,27267.0,44.0,85.65
2021-05-06 04:00:00,85.65,85.65,85.64,85.65,16358.0,52.0,85.64
2021-05-07 04:00:00,85.65,85.65,85.64,85.64,20247.0,63.0,85.65
2021-05-10 04:00:00,85.65,85.65,85.64,85.65,39504.0,130.0,85.65
2021-05-11 04:00:00,85.65,85.65,85.64,85.64,39348.0,90.0,85.65
2021-05-12 04:00:00,85.65,85.65,85.64,85.65,28113.0,143.0,85.65
2021-05-13 04:00:00,85.65,85.65,85.64,85.64,58494.0,149.0,85.64
2021-05-14 04:00:00,85.65,85.65,85.64,85.65,22274.0,174.0,85.65
2021-05-17 04:00:00,85.64,85.65,85.64,85.64,10682.0,91.0,85.64
2021-05-18 04:00:00,85.65,85.65,85.64,85.65,22620.0,88.0,85.64
2021-05-19 04:00:00,85.65,85.65,85.64,85.64,48612.0,320.0,85.64
2021-05-20 04:00:00,85.65,85.65,85.64,85.64,40314.0,81.0,85.64
2021-05-21 04:00:00,85.64,85.65,85.64,85.64,16299.0,79.0,85.65
2021-05-24 04:00:00,85.65,85.65,85.64,85.65,11438.0,51.0,85.65
2021-05-25 04:00:00,85.64,85.65,85.64,85.65,15308.0,68.0,85.65
2021-05-26 04:00:00,85.65,85.65,85.64,85.64,8063.0,47.0,85.65
2021-05-27 04:00:00,85.64,85.65,85.64,85.64,13780.0,69.0,85.65
2021-05-28 04:00:00,85.64,85.65,85.64,85.65,9476.0,78.0,85.65
2021-06-01 04:00:00,85.64,85.65,85.64,85.65,16571.0,69.0,85.65
2021-06-02 04:00:00,85.65,85.65,85.64,85.65,17268.0,106.0,85.65
2021-06-03 04:00:00,85.64,85.65,85.64,85.64,18625.0,73.0,85.65
2021-06-04 04:00:00,85.65,85.65,85.64,85.64,17727.0,70.0,85.65
2021-06-07 04:00:00,85.65,85.65,85.64,85.64,24423.0,73.0,85.65
2021-06-08 04:00:00,85.65,85.65,85.64,85.65,23167.0,170.0,85.65
2021-06-09 04:00:00,85.65,85.65,85.64,85.64,23568.0,70.0,85.65
2021-06-10 04:00:00,85.65,85.65,85.64,85.65,33608.0,80.0,85.65
2021-06-11 04:00:00,85.65,85.65,85.64,85.65,9319.0,57.0,85.65
2021-06-14 04:00:00,85.65,85.65,85.64,85.65,42173.0,95.0,85.65
2021-06-15 04:00:00,85.65,85.65,85.65,85.65,10892.0,65.0,85.65
2021-06-16 04:00:00,85.65,85.65,85.64,85.65,26622.0,95.0,85.65
2021-06-17 04:00:00,85.65,85.65,85.64,85.65,32000.0,98.0,85.65
2021-06-18 04:00:00,85.65,85.65,85.64,85.64,16907.0,62.0,85.64
2021-06-21 04:00:00,85.64,85.64,85.64,85.64,20957.0,55.0,85.64
2021-06-22 04:00:00,85.64,85.65,85.64,85.65,20988.0,147.0,85.65
2021-06-23 04:00:00,85.65,85.65,85.64,85.64,55684.0,42.0,85.64
2021-06-24 04:00:00,85.65,85.65,85.64,85.64,17268.0,69.0,85.65
2021-06-25 04:00:00,85.65,85.65,85.64,85.65,21108.0,38.0,85.65
2021-06-28 04:00:00,85.65,85.65,85.64,85.64,21052.0,62.0,85.65
2021-06-29 04:00:00,85.64,85.65,85.64,85.65,37723.0,85.0,85.65
2021-06-30 04:00:00,85.65,85.65,85.64,85.65,33163.0,41.0,85.65
2021-07-01 04:00:00,85.65,85.65,85.65,85.65,20101.0,158.0,85.65
2021-07-02 04:00:00,85.65,85.65,85.65,85.65,4765.0,62.0,85.65
2021-07-06 04:00:00,85.65,85.65,85.65,85.65,23196.0,57.0,85.65
2021-07-07 04:00:00,85.65,85.65,85.64,85.65,11660.0,57.0,85.65
2021-07-08 04:00:00,85.65,85.65,85.65,85.65,34029.0,99.0,85.65
2021-07-09 04:00:00,85.65,85.65,85.65,85.65,10514.0,67.0,85.65
2021-07-12 04:00:00,85.65,85.65,85.64,85.65,7983.0,52.0,85.65
2021-07-13 04:00:00,85.65,85.65,85.65,85.65,15238.0,54.0,85.65
2021-07-14 04:00:00,85.65,85.65,85.64,85.65,12482.0,55.0,85.65
2021-07-15 04:00:00,85.64,85.65,85.64,85.65,8520.0,50.0,85.64
2021-07-16 04:00:00,85.65,85.65,85.65,85.65,15138.0,60.0,85.65
2021-07-19 04:00:00,85.65,85.65,85.65,85.65,33291.0,89.0,85.65
2021-07-20 04:00:00,85.65,85.65,85.65,85.65,211176.0,93.0,85.65
2021-07-21 04:00:00,85.65,85.65,85.64,85.65,27179.0,58.0,85.65
2021-07-22 04:00:00,85.65,85.65,85.65,85.65,55624.0,57.0,85.65
2021-07-23 04:00:00,85.65,85.65,85.65,85.65,16633.0,43.0,85.65
2021-07-26 04:00:00,85.65,85.65,85.65,85.65,32373.0,79.0,85.65
2021-07-27 04:00:00,85.65,85.65,85.65,85.65,21650.0,56.0,85.65
2021-07-28 04:00:00,85.65,85.65,85.64,85.65,10568.0,57.0,85.65
2021-07-29 04:00:00,85.65,85.65,85.64,85.65,36758.0,145.0,85.64
2021-07-30 04:00:00,85.65,85.65,85.65,85.65,8065.0,79.0,85.65
2021-08-02 04:00:00,85.64,85.65,85.64,85.64,9508.0,63.0,85.65
2021-08-03 04:00:00,85.65,85.66,85.65,85.65,7676.0,58.0,85.65
2021-08-04 04:00:00,85.66,85.66,85.64,85.66,25790.0,118.0,85.65
2021-08-05 04:00:00,85.66,85.66,85.64,85.65,9101.0,60.0,85.65
2021-08-06 04:00:00,85.64,85.65,85.64,85.65,23055.0,132.0,85.65
2021-08-09 04:00:00,85.65,85.65,85.64,85.65,10153.0,55.0,85.65
2021-08-10 04:00:00,85.66,85.66,85.64,85.65,7594.0,48.0,85.65
2021-08-11 04:00:00,85.66,85.66,85.64,85.65,36371.0,56.0,85.65
2021-08-12 04:00:00,85.64,85.65,85.64,85.64,9783.0,62.0,85.65
2021-08-13 04:00:00,85.65,85.66,85.64,85.65,18337.0,80.0,85.65
2021-08-16 04:00:00,85.65,85.66,85.64,85.66,42321.0,80.0,85.65
2021-08-17 04:00:00,85.65,85.65,85.64,85.64,42321.0,52.0,85.64
2021-08-18 04:00:00,85.65,85.66,85.65,85.65,9950.0,45.0,85.65
2021-08-19 04:00:00,85.65,85.66,85.65,85.65,12514.0,78.0,85.65
2021-08-20 04:00:00,85.65,85.66,85.65,85.66,18596.0,49.0,85.65
2021-08-23 04:00:00,85.65,85.66,85.65,85.65,46487.0,94.0,85.65
2021-08-24 04:00:00,85.65,85.65,85.65,85.65,7663.0,40.0,85.65
2021-08-25 04:00:00,85.65,85.65,85.65,85.65,16777.0,69.0,85.65
2021-08-26 04:00:00,85.65,85.66,85.65,85.65,20855.0,58.0,85.65
2021-08-27 04:00:00,85.65,85.66,85.65,85.65,3807.0,47.0,85.65
2021-08-30 04:00:00,85.66,85.66,85.65,85.65,14686.0,48.0,85.65
2021-08-31 04:00:00,85.65,85.66,85.65,85.65,15005.0,95.0,85.65
2021-09-01 04:00:00,85.66,85.66,85.65,85.65,3706.0,42.0,85.65
2021-09-02 04:00:00,85.65,85.66,85.65,85.65,6873.0,62.0,85.65
2021-09-03 04:00:00,85.66,85.66,85.65,85.65,30805.0,57.0,85.66
2021-09-07 04:00:00,85.65,85.66,85.65,85.66,110735.0,138.0,85.66
2021-09-08 04:00:00,85.65,85.66,85.65,85.65,586857.0,636.0,85.66
2021-09-09 04:00:00,85.66,85.66,85.64,85.65,63889.0,190.0,85.65
2021-09-10 04:00:00,85.66,85.66,85.64,85.66,14990.0,106.0,85.65
2021-09-13 04:00:00,85.66,85.66,85.65,85.65,16616.0,87.0,85.65
2021-09-14 04:00:00,85.65,85.66,85.64,85.65,25354.0,72.0,85.65
2021-09-15 04:00:00,85.66,85.66,85.64,85.66,22321.0,98.0,85.65
2021-09-16 04:00:00,85.65,85.66,85.64,85.66,8200.0,57.0,85.65
2021-09-17 04:00:00,85.66,85.66,85.65,85.65,25178.0,183.0,85.65
2021-09-20 04:00:00,85.65,85.66,85.65,85.65,91939.0,152.0,85.65
2021-09-21 04:00:00,85.66,85.66,85.65,85.65,42672.0,139.0,85.65
2021-09-22 04:00:00,85.66,85.66,85.65,85.65,13355.0,61.0,85.65
2021-09-23 04:00:00,85.66,85.66,85.65,85.65,22430.0,80.0,85.66
2021-09-24 04:00:00,85.65,85.66,85.65,85.65,28685.0,47.0,85.65
2021-09-27 04:00:00,85.66,85.66,85.65,85.65,32062.0,78.0,85.66
2021-09-28 04:00:00,85.65,85.66,85.65,85.65,25879.0,154.0,85.65
2021-09-29 04:00:00,85.65,85.66,85.65,85.66,41460.0,140.0,85.66
2021-09-30 04:00:00,85.65,85.66,85.65,85.65,17058.0,113.0,85.65
2021-10-01 04:00:00,85.66,85.66,85.64,85.65,45759.0,62.0,85.65
2021-10-04 04:00:00,85.66,85.66,85.65,85.65,17142.0,77.0,85.66
2021-10-05 04:00:00,85.65,85.66,85.64,85.66,274892.0,106.0,85.66
2021-10-06 04:00:00,85.64,85.65,85.64,85.65,42534.0,79.0,85.65
2021-10-07 04:00:00,85.65,85.66,85.64,85.65,321985.0,898.0,85.65
2021-10-08 04:00:00,85.64,85.66,85.64,85.66,22872.0,97.0,85.65
2021-10-11 04:00:00,85.66,85.66,85.64,85.65,8216.0,48.0,85.66
2021-10-12 04:00:00,85.66,85.66,85.64,85.65,27790.0,59.0,85.65
2021-10-13 04:00:00,85.65,85.66,85.64,85.65,51943.0,157.0,85.65
2021-10-14 04:00:00,85.64,85.66,85.64,85.65,19788.0,100.0,85.65
2021-10-15 04:00:00,85.65,85.66,85.65,85.65,13022.0,88.0,85.65
2021-10-18 04:00:00,85.66,85.66,85.64,85.66,26579.0,118.0,85.66
2021-10-19 04:00:00,85.66,85.66,85.64,85.65,10331.0,64.0,85.65
2021-10-20 04:00:00,85.64,85.66,85.64,85.65,16226.0,67.0,85.65
2021-10-21 04:00:00,85.66,85.66,85.64,85.66,16835.0,85.0,85.65
2021-10-22 04:00:00,85.64,85.66,85.64,85.66,28568.0,69.0,85.66
2021-10-25 04:00:00,85.66,85.66,85.64,85.64,29899.0,79.0,85.66
2021-10-26 04:00:00,85.66,85.66,85.64,85.65,8356.0,44.0,85.65
2021-10-27 04:00:00,85.66,85.66,85.64,85.65,56620.0,97.0,85.66
2021-10-28 04:00:00,85.65,85.65,85.64,85.65,78243.0,77.0,85.64
2021-10-29 04:00:00,85.64,85.65,85.64,85.65,26300.0,87.0,85.65
2021-11-01 04:00:00,85.65,85.65,85.65,85.65,11962.0,106.0,85.65
2021-11-02 04:00:00,85.65,85.66,85.65,85.66,17343.0,89.0,85.65
2021-11-03 04:00:00,85.65,85.66,85.65,85.66,32779.0,331.0,85.66
2021-11-04 04:00:00,85.65,85.66,85.65,85.65,33162.0,140.0,85.65
2021-11-05 04:00:00,85.65,85.66,85.65,85.65,25528.0,135.0,85.65
2021-11-08 05:00:00,85.66,85.66,85.65,85.66,20888.0,62.0,85.66
2021-11-09 05:00:00,85.65,85.66,85.65,85.65,11848.0,84.0,85.66
2021-11-10 05:00:00,85.65,85.66,85.65,85.66,18072.0,165.0,85.65
2021-11-11 05:00:00,85.66,85.66,85.65,85.65,22122.0,35.0,85.65
2021-11-12 05:00:00,85.65,85.66,85.65,85.65,10224.0,34.0,85.65
2021-11-15 05:00:00,85.65,85.66,85.65,85.65,30271.0,125.0,85.65
2021-11-16 05:00:00,85.66,85.66,85.65,85.65,37574.0,110.0,85.65
2021-11-17 05:00:00,85.65,85.66,85.65,85.65,40180.0,74.0,85.66
2021-11-18 05:00:00,85.66,85.66,85.65,85.65,31233.0,74.0,85.66
2021-11-19 05:00:00,85.65,85.66,85.65,85.65,11802.0,117.0,85.65
2021-11-22 05:00:00,85.66,85.66,85.65,85.65,23399.0,75.0,85.66
2021-11-23 05:00:00,85.66,85.66,85.65,85.66,40677.0,92.0,85.65
2021-11-24 05:00:00,85.66,85.66,85.65,85.66,124018.0,76.0,85.66
2021-11-26 05:00:00,85.65,85.66,85.65,85.65,6255.0,39.0,85.65
2021-11-29 05:00:00,85.65,85.66,85.65,85.66,10396.0,60.0,85.66
2021-11-30 05:00:00,85.65,85.66,85.65,85.65,30148.0,64.0,85.66
2021-12-01 05:00:00,85.66,85.66,85.65,85.65,31366.0,71.0,85.65
2021-12-02 05:00:00,85.66,85.66,85.65,85.65,19753.0,89.0,85.65
2021-12-03 05:00:00,85.66,85.67,85.65,85.66,62548.0,112.0,85.66
2021-12-06 05:00:00,85.65,85.67,85.65,85.66,85743.0,67.0,85.66
2021-12-07 05:00:00,85.67,85.67,85.65,85.66,33866.0,81.0,85.66
2021-12-08 05:00:00,85.67,85.67,85.65,85.65,80085.0,81.0,85.65
2021-12-09 05:00:00,85.67,85.67,85.65,85.66,51909.0,85.0,85.66
2021-12-10 05:00:00,85.67,85.67,85.66,85.66,23162.0,42.0,85.66
2021-12-13 05:00:00,85.67,85.67,85.65,85.67,19721.0,90.0,85.66
2021-12-14 05:00:00,85.67,85.67,85.65,85.66,29623.0,90.0,85.66
2021-12-15 05:00:00,85.67,85.67,85.65,85.66,102835.0,86.0,85.66
2021-12-16 05:00:00,85.66,85.67,85.65,85.67,44816.0,106.0,85.66
2021-12-17 05:00:00,85.65,85.67,85.65,85.66,29063.0,75.0,85.66
2021-12-20 05:00:00,85.66,85.66,85.65,85.66,183480.0,128.0,85.66
2021-12-21 05:00:00,85.65,85.66,85.65,85.66,156072.0,189.0,85.66
2021-12-22 05:00:00,85.66,85.67,85.65,85.66,58158.0,183.0,85.66
2021-12-23 05:00:00,85.67,85.67,85.65,85.67,69142.0,75.0,85.65
2021-12-27 05:00:00,85.66,85.66,85.65,85.66,18281.0,107.0,85.66
2021-12-28 05:00:00,85.66,85.66,85.65,85.66,17313.0,94.0,85.66
2021-12-29 05:00:00,85.65,85.67,85.65,85.66,42788.0,145.0,85.66
2021-12-30 05:00:00,85.65,85.67,85.65,85.66,72274.0,122.0,85.66
2021-12-31 05:00:00,85.67,85.67,85.66,85.67,34976.0,81.0,85.67
2022-01-03 05:00:00,85.65,85.66,85.65,85.66,28346.0,115.0,85.66
2022-01-04 05:00:00,85.65,85.66,85.65,85.65,38559.0,108.0,85.66
2022-01-05 05:00:00,85.66,85.66,85.65,85.66,29638.0,85.0,85.65
2022-01-06 05:00:00,85.66,85.67,85.65,85.66,94470.0,68.0,85.65
2022-01-07 05:00:00,85.66,85.67,85.65,85.67,99910.0,105.0,85.66
2022-01-10 05:00:00,85.66,85.66,85.65,85.66,58666.0,172.0,85.66
2022-01-11 05:00:00,85.65,85.66,85.65,85.66,83452.0,207.0,85.66
2022-01-12 05:00:00,85.65,85.67,85.65,85.66,56558.0,130.0,85.66
2022-01-13 05:00:00,85.67,85.67,85.65,85.66,18802.0,96.0,85.66
2022-01-14 05:00:00,85.67,85.67,85.66,85.67,136002.0,124.0,85.67
2022-01-18 05:00:00,85.65,85.67,85.65,85.67,133909.0,580.0,85.66
2022-01-19 05:00:00,85.66,85.68,85.66,85.67,76113.0,211.0,85.67
2022-01-20 05:00:00,85.67,85.67,85.65,85.66,121926.0,255.0,85.67
2022-01-21 05:00:00,85.66,85.67,85.65,85.66,224483.0,109.0,85.66
2022-01-24 05:00:00,85.66,85.67,85.65,85.65,379694.0,316.0,85.66
2022-01-25 05:00:00,85.67,85.67,85.65,85.66,469495.0,162.0,85.66
2022-01-26 05:00:00,85.65,85.67,85.65,85.67,374109.0,164.0,85.67
2022-01-27 05:00:00,85.67,85.67,85.65,85.66,29243.0,96.0,85.66
2022-01-28 05:00:00,85.67,85.67,85.65,85.67,176577.0,136.0,85.67
2022-01-31 05:00:00,85.67,85.67,85.65,85.67,27306.0,123.0,85.66
2022-02-01 05:00:00,85.66,85.67,85.65,85.67,45478.0,127.0,85.66
2022-02-02 05:00:00,85.65,85.67,85.65,85.66,18316.0,111.0,85.67
2022-02-03 05:00:00,85.65,85.67,85.65,85.66,460161.0,200.0,85.66
2022-02-04 05:00:00,85.65,85.66,85.65,85.66,162334.0,214.0,85.66
2022-02-07 05:00:00,85.65,85.67,85.65,85.67,191533.0,218.0,85.67
2022-02-08 05:00:00,85.66,85.67,85.65,85.67,8006283.0,302.0,85.67
2022-02-09 05:00:00,85.67,85.67,85.65,85.67,136589.0,472.0,85.67
2022-02-10 05:00:00,85.65,85.67,85.65,85.66,236385.0,284.0,85.66
2022-02-11 05:00:00,85.66,85.67,85.65,85.65,318147.0,1828.0,85.66
2022-02-14 05:00:00,85.67,85.67,85.65,85.66,140004.0,347.0,85.66
2022-02-15 05:00:00,85.65,85.67,85.65,85.66,378131.0,459.0,85.66
2022-02-16 05:00:00,85.67,85.67,85.65,85.67,134272.0,635.0,85.67
2022-02-17 05:00:00,85.67,85.67,85.66,85.67,165627.0,247.0,85.67
2022-02-18 05:00:00,85.65,85.67,85.65,85.67,575289.0,725.0,85.67
2022-02-22 05:00:00,85.66,85.67,85.66,85.66,66556.0,232.0,85.67
2022-02-23 05:00:00,85.66,85.68,85.66,85.67,591538.0,521.0,85.68
2022-02-24 05:00:00,85.68,85.68,85.66,85.66,479275.0,394.0,85.68
2022-02-25 05:00:00,85.67,85.68,85.66,85.67,137041.0,309.0,85.67
2022-02-28 05:00:00,85.66,85.68,85.66,85.67,107708.0,289.0,85.68
2022-03-01 05:00:00,85.68,85.68,85.66,85.68,193322.0,341.0,85.67
2022-03-02 05:00:00,85.67,85.68,85.66,85.67,54985.0,440.0,85.67
2022-03-03 05:00:00,85.68,85.68,85.67,85.67,225628.0,852.0,85.68
2022-03-04 05:00:00,85.68,85.69,85.66,85.68,709019.0,805.0,85.68
2022-03-07 05:00:00,85.68,85.68,85.67,85.68,373445.0,410.0,85.68
2022-03-08 05:00:00,85.66,85.69,85.66,85.68,703947.0,1003.0,85.68
2022-03-09 05:00:00,85.67,85.68,85.67,85.67,407189.0,1465.0,85.68
2022-03-10 05:00:00,85.68,85.69,85.67,85.68,251599.0,465.0,85.68
2022-03-11 05:00:00,85.66,85.68,85.66,85.68,181413.0,331.0,85.68
2022-03-14 04:00:00,85.67,85.68,85.67,85.68,385577.0,424.0,85.68
2022-03-15 04:00:00,85.67,85.68,85.67,85.67,190293.0,868.0,85.68
2022-03-16 04:00:00,85.67,85.69,85.67,85.68,235490.0,705.0,85.68
2022-03-17 04:00:00,85.68,85.69,85.67,85.68,772327.0,802.0,85.68
2022-03-18 04:00:00,85.69,85.69,85.67,85.68,430708.0,666.0,85.67
2022-03-21 04:00:00,85.67,85.69,85.67,85.68,863915.0,477.0,85.67
2022-03-22 04:00:00,85.69,85.69,85.67,85.68,724311.0,621.0,85.68
2022-03-23 04:00:00,85.69,85.69,85.68,85.69,315815.0,436.0,85.68
2022-03-24 04:00:00,85.69,85.69,85.68,85.69,385870.0,572.0,85.68
2022-03-25 04:00:00,85.69,85.69,85.68,85.68,307409.0,522.0,85.69
2022-03-28 04:00:00,85.69,85.69,85.68,85.68,182531.0,397.0,85.68
2022-03-29 04:00:00,85.69,85.69,85.68,85.69,191069.0,609.0,85.68
2022-03-30 04:00:00,85.7,85.7,85.68,85.7,406834.0,313.0,85.69
2022-03-31 04:00:00,85.7,85.7,85.68,85.7,297510.0,663.0,85.69
2022-04-01 04:00:00,85.69,85.69,85.68,85.69,209618.0,393.0,85.69
2022-04-04 04:00:00,85.68,85.69,85.68,85.69,148746.0,416.0,85.69
2022-04-05 04:00:00,85.69,85.69,85.69,85.69,89382.0,308.0,85.69
2022-04-06 04:00:00,85.69,85.69,85.69,85.69,224966.0,296.0,85.69
2022-04-07 04:00:00,85.69,85.69,85.69,85.69,514008.0,1962.0,85.69
2022-04-08 04:00:00,85.69,85.69,85.69,85.69,227810.0,328.0,85.69
2022-04-11 04:00:00,85.69,85.69,85.69,85.69,329271.0,1271.0,85.69
2022-04-12 04:00:00,85.69,85.69,85.69,85.69,235868.0,478.0,85.69
2022-04-13 04:00:00,85.7,85.7,85.69,85.7,139402.0,471.0,85.7
2022-04-14 04:00:00,85.7,85.7,85.69,85.7,99291.0,342.0,85.7
2022-04-18 04:00:00,85.7,85.7,85.69,85.7,162432.0,502.0,85.7
2022-04-19 04:00:00,85.7,85.7,85.69,85.7,225032.0,476.0,85.7
2022-04-20 04:00:00,85.7,85.7,85.69,85.7,174957.0,522.0,85.7
2022-04-21 04:00:00,85.7,85.7,85.69,85.7,408481.0,731.0,85.7
2022-04-22 04:00:00,85.7,85.7,85.69,85.7,497536.0,440.0,85.7
2022-04-25 04:00:00,85.71,85.71,85.69,85.71,1189308.0,954.0,85.71
2022-04-26 04:00:00,85.71,85.71,85.69,85.71,1292766.0,2237.0,85.71
2022-04-27 04:00:00,85.71,85.71,85.7,85.71,791171.0,795.0,85.71
2022-04-28 04:00:00,85.7,85.72,85.7,85.72,252326.0,657.0,85.71
2022-04-29 04:00:00,85.72,85.72,85.7,85.72,1320381.0,763.0,85.71
2022-05-02 04:00:00,85.72,85.72,85.71,85.72,494618.0,775.0,85.71
2022-05-03 04:00:00,85.72,85.72,85.71,85.72,265421.0,639.0,85.71
2022-05-04 04:00:00,85.72,85.72,85.7,85.72,1763937.0,713.0,85.71
2022-05-05 04:00:00,85.72,85.72,85.72,85.72,563979.0,851.0,85.72
2022-05-06 04:00:00,85.72,85.72,85.72,85.72,443113.0,846.0,85.72
2022-05-09 04:00:00,85.72,85.72,85.72,85.72,454803.0,600.0,85.72
2022-05-10 04:00:00,85.72,85.72,85.72,85.72,374425.0,607.0,85.72
2022-05-11 04:00:00,85.72,85.72,85.72,85.72,858167.0,623.0,85.72
2022-05-12 04:00:00,85.73,85.73,85.72,85.72,727687.0,1359.0,85.73
2022-05-13 04:00:00,85.72,85.72,85.72,85.72,723607.0,572.0,85.72
2022-05-16 04:00:00,85.73,85.73,85.72,85.72,372530.0,788.0,85.73
2022-05-17 04:00:00,85.73,85.73,85.72,85.73,233446.0,706.0,85.73
2022-05-18 04:00:00,85.73,85.74,85.72,85.73,477514.0,1052.0,85.73
2022-05-19 04:00:00,85.74,85.74,85.73,85.74,440771.0,643.0,85.74
2022-05-20 04:00:00,85.75,85.75,85.73,85.73,616484.0,916.0,85.74
2022-05-23 04:00:00,85.73,85.75,85.73,85.75,297155.0,670.0,85.74
2022-05-24 04:00:00,85.75,85.75,85.74,85.75,260119.0,799.0,85.75
2022-05-25 04:00:00,85.74,85.75,85.74,85.75,488233.0,818.0,85.75
2022-05-26 04:00:00,85.74,85.76,85.74,85.76,143688.0,500.0,85.75
2022-05-27 04:00:00,85.77,85.77,85.75,85.76,1206511.0,752.0,85.75
2022-05-31 04:00:00,85.74,85.76,85.74,85.76,642378.0,791.0,85.76
2022-06-01 04:00:00,85.77,85.77,85.75,85.76,368705.0,905.0,85.76
2022-06-02 04:00:00,85.76,85.77,85.75,85.77,250316.0,538.0,85.76
2022-06-03 04:00:00,85.77,85.77,85.75,85.77,395251.0,577.0,85.76
2022-06-06 04:00:00,85.77,85.77,85.75,85.76,217668.0,697.0,85.76
2022-06-07 04:00:00,85.75,85.77,85.75,85.76,338905.0,839.0,85.76
2022-06-08 04:00:00,85.78,85.78,85.76,85.76,272768.0,666.0,85.76
2022-06-09 04:00:00,85.78,85.78,85.75,85.77,582638.0,711.0,85.77
2022-06-10 04:00:00,85.77,85.78,85.76,85.77,1598525.0,755.0,85.77
2022-06-13 04:00:00,85.77,85.77,85.75,85.76,593997.0,833.0,85.76
2022-06-14 04:00:00,85.76,85.76,85.74,85.76,846454.0,1180.0,85.75
2022-06-15 04:00:00,85.76,85.76,85.75,85.76,686478.0,845.0,85.76
2022-06-16 04:00:00,85.75,85.78,85.75,85.78,1538715.0,995.0,85.77
2022-06-17 04:00:00,85.78,85.79,85.77,85.79,674810.0,782.0,85.78
2022-06-21 04:00:00,85.79,85.8,85.77,85.8,1343732.0,778.0,85.78
2022-06-22 04:00:00,85.79,85.79,85.78,85.79,952258.0,657.0,85.79
2022-06-23 04:00:00,85.8,85.8,85.79,85.8,448406.0,686.0,85.8
2022-06-24 04:00:00,85.8,85.8,85.79,85.79,600937.0,1139.0,85.79
2022-06-27 04:00:00,85.79,85.8,85.79,85.8,539669.0,2063.0,85.79
2022-06-28 04:00:00,85.81,85.81,85.79,85.8,730722.0,1579.0,85.8
2022-06-29 04:00:00,85.81,85.81,85.8,85.81,386565.0,719.0,85.81
2022-06-30 04:00:00,85.82,85.83,85.81,85.83,560784.0,1051.0,85.82
2022-07-01 04:00:00,85.83,85.83,85.81,85.82,397783.0,4334.0,85.82
2022-07-05 04:00:00,85.82,85.83,85.81,85.83,530686.0,1264.0,85.82
2022-07-06 04:00:00,85.84,85.84,85.82,85.83,729956.0,989.0,85.83
2022-07-07 04:00:00,85.84,85.84,85.83,85.84,973699.0,1175.0,85.84
2022-07-08 04:00:00,85.83,85.84,85.83,85.84,293764.0,605.0,85.83
2022-07-11 04:00:00,85.84,85.84,85.82,85.84,840994.0,1229.0,85.83
2022-07-12 04:00:00,85.84,85.84,85.83,85.83,863067.0,1512.0,85.83
2022-07-13 04:00:00,85.83,85.87,85.82,85.82,792988.0,992.0,85.83
2022-07-14 04:00:00,85.84,85.85,85.83,85.84,5134763.0,1367.0,85.84
2022-07-15 04:00:00,85.84,85.84,85.83,85.84,781940.0,831.0,85.83
2022-07-18 04:00:00,85.84,85.84,85.83,85.84,463211.0,859.0,85.84
2022-07-19 04:00:00,85.84,85.86,85.84,85.85,752797.0,801.0,85.86
2022-07-20 04:00:00,85.86,85.86,85.85,85.85,863856.0,692.0,85.85
2022-07-21 04:00:00,85.86,85.87,85.86,85.86,882961.0,1768.0,85.87
2022-07-22 04:00:00,85.88,85.88,85.86,85.88,1009580.0,715.0,85.88
2022-07-25 04:00:00,85.88,85.88,85.87,85.88,1704025.0,1314.0,85.88
2022-07-26 04:00:00,85.87,85.88,85.87,85.87,662249.0,603.0,85.88
2022-07-27 04:00:00,85.87,85.89,85.87,85.89,343019.0,758.0,85.88
2022-07-28 04:00:00,85.89,85.9,85.89,85.89,1677846.0,1155.0,85.9
2022-07-29 04:00:00,85.9,85.9,85.87,85.87,2430173.0,4189.0,85.89
2022-08-01 04:00:00,85.91,85.91,85.9,85.91,683909.0,1195.0,85.9
2022-08-02 04:00:00,85.92,85.92,85.91,85.91,353243.0,817.0,85.91
2022-08-03 04:00:00,85.92,85.93,85.91,85.93,571693.0,1309.0,85.92
2022-08-04 04:00:00,85.93,85.94,85.93,85.94,638905.0,666.0,85.93
2022-08-05 04:00:00,85.94,85.94,85.93,85.94,916256.0,1350.0,85.93
2022-08-08 04:00:00,85.94,85.94,85.94,85.94,531273.0,881.0,85.94
2022-08-09 04:00:00,85.94,85.95,85.94,85.95,235628.0,750.0,85.95
2022-08-10 04:00:00,85.96,85.96,85.94,85.94,454251.0,1097.0,85.95
2022-08-11 04:00:00,85.98,85.98,85.95,85.96,1587322.0,1399.0,85.96
2022-08-12 04:00:00,85.98,85.98,85.96,85.97,283737.0,873.0,85.97
2022-08-15 04:00:00,85.98,85.98,85.97,85.97,425540.0,2408.0,85.97
2022-08-16 04:00:00,85.98,85.98,85.97,85.98,753458.0,1331.0,85.97
2022-08-17 04:00:00,85.98,85.99,85.98,85.99,530402.0,837.0,85.98
2022-08-18 04:00:00,85.99,86.0,85.99,86.0,1239283.0,1424.0,85.99
2022-08-19 04:00:00,86.0,86.01,86.0,86.0,626703.0,2351.0,86.0
2022-08-22 04:00:00,86.0,86.03,86.0,86.03,1097731.0,1521.0,86.01
2022-08-23 04:00:00,86.02,86.02,86.0,86.0,660190.0,1665.0,86.02
2022-08-24 04:00:00,86.02,86.02,86.01,86.02,403412.0,964.0,86.02
2022-08-25 04:00:00,86.03,86.05,86.03,86.04,648625.0,1216.0,86.04
2022-08-26 04:00:00,86.05,86.05,86.03,86.04,898610.0,1361.0,86.04
2022-08-29 04:00:00,86.05,86.05,86.03,86.05,985036.0,2034.0,86.04
2022-08-30 04:00:00,86.04,86.06,86.04,86.05,1439935.0,1578.0,86.05
2022-08-31 04:00:00,86.06,86.06,86.05,86.06,913203.0,1740.0,86.06
2022-09-01 04:00:00,86.08,86.08,86.06,86.08,1406630.0,1666.0,86.08
2022-09-02 04:00:00,86.09,86.09,86.08,86.08,583908.0,1444.0,86.08
2022-09-06 04:00:00,86.1,86.1,86.08,86.09,790104.0,2292.0,86.09
2022-09-07 04:00:00,86.09,86.11,86.09,86.11,875389.0,1015.0,86.1
2022-09-08 04:00:00,86.11,86.12,86.11,86.12,452417.0,1305.0,86.12
2022-09-09 04:00:00,86.13,86.13,86.11,86.11,327916.0,1357.0,86.12
2022-09-12 04:00:00,86.12,86.13,86.11,86.11,674642.0,2091.0,86.13
2022-09-13 04:00:00,86.12,86.14,86.12,86.14,482328.0,2048.0,86.13
2022-09-14 04:00:00,86.15,86.15,86.13,86.13,1101484.0,1861.0,86.14
2022-09-15 04:00:00,86.14,86.16,86.14,86.16,875989.0,1595.0,86.15
2022-09-16 04:00:00,86.17,86.17,86.16,86.16,1483790.0,3421.0,86.16
2022-09-19 04:00:00,86.17,86.17,86.16,86.17,1151993.0,1985.0,86.17
2022-09-20 04:00:00,86.19,86.19,86.17,86.18,810593.0,1505.0,86.18
2022-09-21 04:00:00,86.19,86.19,86.17,86.19,1250381.0,1936.0,86.18
2022-09-22 04:00:00,86.2,86.21,86.2,86.2,1204942.0,3083.0,86.21
2022-09-23 04:00:00,86.21,86.22,86.2,86.22,4644375.0,3744.0,86.22
2022-09-26 04:00:00,86.22,86.22,86.21,86.22,3344305.0,5142.0,86.22
2022-09-27 04:00:00,86.22,86.23,86.22,86.23,1569564.0,3997.0,86.22
2022-09-28 04:00:00,86.23,86.24,86.23,86.23,1443363.0,2998.0,86.23
2022-09-29 04:00:00,86.26,86.26,86.24,86.25,830985.0,1926.0,86.25
2022-09-30 04:00:00,86.25,86.26,86.24,86.26,1779799.0,1754.0,86.26
2022-10-03 04:00:00,86.27,86.27,86.26,86.27,1396441.0,3178.0,86.26
2022-10-04 04:00:00,86.27,86.27,86.27,86.27,2386599.0,7812.0,86.27
2022-10-05 04:00:00,86.28,86.28,86.27,86.27,1135638.0,1900.0,86.27
2022-10-06 04:00:00,86.3,86.3,86.28,86.3,1041153.0,2035.0,86.3
2022-10-07 04:00:00,86.29,86.31,86.28,86.31,1073977.0,2299.0,86.29
2022-10-10 04:00:00,86.33,86.33,86.31,86.31,1183029.0,2690.0,86.31
2022-10-11 04:00:00,86.31,86.32,86.3,86.32,2435637.0,5104.0,86.31
2022-10-12 04:00:00,86.32,86.32,86.29,86.3,4283713.0,2192.0,86.3
2022-10-13 04:00:00,86.33,86.33,86.32,86.33,862972.0,2347.0,86.33
2022-10-14 04:00:00,86.32,86.34,86.32,86.34,861501.0,1660.0,86.34
2022-10-17 04:00:00,86.34,86.34,86.33,86.33,861136.0,4439.0,86.33
2022-10-18 04:00:00,86.33,86.35,86.33,86.35,995553.0,1554.0,86.35
2022-10-19 04:00:00,86.34,86.36,86.34,86.35,1703003.0,3860.0,86.35
2022-10-20 04:00:00,86.38,86.38,86.37,86.37,858929.0,3574.0,86.37
2022-10-21 04:00:00,86.39,86.39,86.37,86.39,2251025.0,7040.0,86.38
2022-10-24 04:00:00,86.38,86.4,86.38,86.4,623538.0,1613.0,86.39
2022-10-25 04:00:00,86.4,86.4,86.39,86.39,1396524.0,3017.0,86.4
2022-10-26 04:00:00,86.41,86.41,86.39,86.39,1872226.0,2599.0,86.4
2022-10-27 04:00:00,86.42,86.43,86.41,86.43,1782611.0,2338.0,86.43
2022-10-28 04:00:00,86.44,86.44,86.42,86.43,1080693.0,2215.0,86.43
2022-10-31 04:00:00,86.43,86.44,86.43,86.43,916834.0,2324.0,86.43
2022-11-01 04:00:00,86.44,86.45,86.44,86.44,1786650.0,2575.0,86.44
2022-11-02 04:00:00,86.45,86.46,86.45,86.46,936866.0,4272.0,86.45
2022-11-03 04:00:00,86.48,86.49,86.47,86.49,1446804.0,5423.0,86.49
2022-11-04 04:00:00,86.49,86.5,86.48,86.5,1631238.0,2489.0,86.49
2022-11-07 05:00:00,86.49,86.51,86.49,86.51,1200111.0,2764.0,86.5
2022-11-08 05:00:00,86.51,86.52,86.51,86.52,1239640.0,2332.0,86.51
2022-11-09 05:00:00,86.55,86.55,86.53,86.54,968690.0,1698.0,86.55
2022-11-10 05:00:00,86.55,86.56,86.53,86.55,1936293.0,4687.0,86.54
2022-11-11 05:00:00,86.55,86.56,86.53,86.56,1748185.0,3837.0,86.55
2022-11-14 05:00:00,86.55,86.56,86.55,86.56,2889521.0,4100.0,86.56
2022-11-15 05:00:00,86.57,86.57,86.55,86.56,2778694.0,2449.0,86.56
2022-11-16 05:00:00,86.57,86.58,86.55,86.55,1777746.0,5570.0,86.57
2022-11-17 05:00:00,86.59,86.59,86.59,86.59,905115.0,2446.0,86.59
2022-11-18 05:00:00,86.6,86.6,86.59,86.59,737320.0,1675.0,86.6
2022-11-21 05:00:00,86.6,86.61,86.6,86.61,543276.0,1878.0,86.61
2022-11-22 05:00:00,86.63,86.64,86.62,86.64,1424453.0,2800.0,86.63
2022-11-23 05:00:00,86.65,86.65,86.65,86.65,642713.0,3750.0,86.65
2022-11-25 05:00:00,86.65,86.66,86.65,86.66,518917.0,3115.0,86.66
2022-11-28 05:00:00,86.68,86.68,86.66,86.68,910977.0,3181.0,86.67
2022-11-29 05:00:00,86.69,86.7,86.68,86.68,1027521.0,3831.0,86.69
2022-11-30 05:00:00,86.7,86.71,86.69,86.69,1182364.0,2261.0,86.7
2022-12-01 05:00:00,86.73,86.74,86.73,86.73,2424768.0,9667.0,86.73
2022-12-02 05:00:00,86.74,86.74,86.73,86.74,1084506.0,2668.0,86.74
2022-12-05 05:00:00,86.75,86.76,86.74,86.76,1528426.0,2293.0,86.75
2022-12-06 05:00:00,86.76,86.78,86.76,86.78,1681621.0,2318.0,86.77
2022-12-07 05:00:00,86.79,86.79,86.77,86.77,1659673.0,3617.0,86.78
2022-12-08 05:00:00,86.81,86.81,86.8,86.81,964122.0,2713.0,86.81
2022-12-09 05:00:00,86.81,86.82,86.81,86.81,564022.0,1979.0,86.82
2022-12-12 05:00:00,86.82,86.83,86.82,86.83,657815.0,2009.0,86.82
2022-12-13 05:00:00,86.85,86.85,86.83,86.84,719681.0,3362.0,86.84
2022-12-14 05:00:00,86.84,86.85,86.84,86.84,856381.0,2792.0,86.84
2022-12-15 05:00:00,86.87,86.88,86.86,86.87,1977400.0,7873.0,86.87
2022-12-16 05:00:00,86.88,86.88,86.86,86.88,2045229.0,3748.0,86.88
2022-12-19 05:00:00,86.89,86.89,86.88,86.88,1940103.0,2548.0,86.88
2022-12-20 05:00:00,86.91,86.91,86.9,86.9,3801331.0,3992.0,86.9
2022-12-21 05:00:00,86.91,86.91,86.9,86.9,1293393.0,3452.0,86.91
2022-12-22 05:00:00,86.96,86.96,86.94,86.95,1303791.0,2681.0,86.95
2022-12-23 05:00:00,86.96,86.97,86.94,86.95,1577384.0,4236.0,86.96
2022-12-27 05:00:00,86.97,86.98,86.96,86.98,1041663.0,3090.0,86.97
2022-12-28 05:00:00,86.98,86.99,86.98,86.98,1368481.0,3278.0,86.98
2022-12-29 05:00:00,87.01,87.03,87.01,87.02,10884166.0,3047.0,87.02
2022-12-30 05:00:00,87.03,87.03,87.0,87.02,1916229.0,5034.0,87.02
2023-01-03 05:00:00,87.03,87.04,87.03,87.04,1660083.0,6978.0,87.03
2023-01-04 05:00:00,87.04,87.05,87.03,87.03,908206.0,3595.0,87.04
2023-01-05 05:00:00,87.06,87.07,87.06,87.06,1809247.0,3006.0,87.07
2023-01-06 05:00:00,87.08,87.08,87.06,87.08,1766209.0,3009.0,87.07
2023-01-09 05:00:00,87.07,87.08,87.06,87.08,9842439.0,3454.0,87.07
2023-01-10 05:00:00,87.1,87.1,87.08,87.08,2524010.0,3937.0,87.08
2023-01-11 05:00:00,87.09,87.1,87.08,87.08,3007597.0,5109.0,87.08
2023-01-12 05:00:00,87.12,87.14,87.12,87.14,865352.0,3288.0,87.13
2023-01-13 05:00:00,87.13,87.15,87.13,87.15,1118036.0,3137.0,87.14
2023-01-17 05:00:00,87.14,87.16,87.14,87.14,939796.0,3348.0,87.15
2023-01-18 05:00:00,87.15,87.17,87.15,87.17,1381402.0,3557.0,87.16
2023-01-19 05:00:00,87.19,87.19,87.18,87.18,1467712.0,3598.0,87.19
2023-01-20 05:00:00,87.2,87.2,87.19,87.2,1378781.0,2905.0,87.2
2023-01-23 05:00:00,87.21,87.22,87.2,87.2,2633108.0,4010.0,87.21
2023-01-24 05:00:00,87.22,87.23,87.21,87.23,1226632.0,2283.0,87.22
2023-01-25 05:00:00,87.24,87.24,87.23,87.24,1176021.0,3528.0,87.23
2023-01-26 05:00:00,87.26,87.26,87.25,87.26,1151856.0,4650.0,87.26
2023-01-27 05:00:00,87.28,87.28,87.27,87.27,2231715.0,4195.0,87.27
2023-01-30 05:00:00,87.28,87.3,87.28,87.3,1174571.0,5175.0,87.29
2023-01-31 05:00:00,87.3,87.31,87.3,87.3,1421561.0,7697.0,87.3
2023-02-01 05:00:00,87.33,87.33,87.31,87.31,1804271.0,10886.0,87.31
2023-02-02 05:00:00,87.34,87.35,87.34,87.35,2411367.0,5298.0,87.35
2023-02-03 05:00:00,87.36,87.36,87.34,87.36,1895661.0,4994.0,87.35
2023-02-06 05:00:00,87.37,87.38,87.36,87.36,1695859.0,3193.0,87.37
2023-02-07 05:00:00,87.38,87.39,87.37,87.38,1221670.0,3563.0,87.38
2023-02-08 05:00:00,87.39,87.4,87.38,87.39,2473789.0,3933.0,87.39
2023-02-09 05:00:00,87.41,87.42,87.41,87.42,1081054.0,3173.0,87.42
2023-02-10 05:00:00,87.43,87.43,87.42,87.43,1424337.0,2490.0,87.43
2023-02-13 05:00:00,87.44,87.45,87.43,87.45,2398712.0,3411.0,87.45
2023-02-14 05:00:00,87.45,87.46,87.44,87.44,1309897.0,3369.0,87.45
2023-02-15 05:00:00,87.46,87.47,87.45,87.47,1217347.0,3511.0,87.46
2023-02-16 05:00:00,87.5,87.51,87.49,87.5,1744496.0,4849.0,87.5
2023-02-17 05:00:00,87.52,87.52,87.51,87.51,1227777.0,4294.0,87.51
2023-02-21 05:00:00,87.54,87.54,87.53,87.53,2903093.0,6244.0,87.53
2023-02-22 05:00:00,87.54,87.54,87.54,87.54,9440127.0,4339.0,87.54
2023-02-23 05:00:00,87.58,87.58,87.56,87.58,1707974.0,5301.0,87.58
2023-02-24 05:00:00,87.59,87.59,87.58,87.59,2364403.0,4125.0,87.59
2023-02-27 05:00:00,87.6,87.61,87.6,87.6,1759059.0,4805.0,87.6
2023-02-28 05:00:00,87.61,87.61,87.6,87.61,1561355.0,4665.0,87.61
2023-03-01 05:00:00,87.62,87.63,87.61,87.62,2607590.0,7736.0,87.63
2023-03-02 05:00:00,87.66,87.66,87.66,87.66,3159293.0,6396.0,87.66
2023-03-03 05:00:00,87.65,87.67,87.65,87.67,2466588.0,4501.0,87.66
2023-03-06 05:00:00,87.68,87.68,87.66,87.66,1563635.0,4160.0,87.67
2023-03-07 05:00:00,87.69,87.69,87.68,87.69,1258002.0,4489.0,87.69
2023-03-08 05:00:00,87.7,87.7,87.68,87.7,1381370.0,4590.0,87.7
2023-03-09 05:00:00,87.72,87.73,87.72,87.73,3052282.0,6749.0,87.73
2023-03-10 05:00:00,87.74,87.75,87.73,87.74,3668931.0,5179.0,87.74
2023-03-13 04:00:00,87.78,87.78,87.76,87.77,6303327.0,12141.0,87.77
2023-03-14 04:00:00,87.79,87.79,87.77,87.79,2820291.0,6360.0,87.78
2023-03-15 04:00:00,87.8,87.82,87.8,87.82,4904292.0,9467.0,87.81
2023-03-16 04:00:00,87.85,87.85,87.83,87.84,2075234.0,6544.0,87.84
2023-03-17 04:00:00,87.85,87.87,87.84,87.85,3651030.0,5768.0,87.85
2023-03-20 04:00:00,87.87,87.87,87.86,87.86,2371606.0,6181.0,87.86
2023-03-21 04:00:00,87.88,87.88,87.87,87.88,1727831.0,4340.0,87.88
2023-03-22 04:00:00,87.89,87.9,87.87,87.87,2389858.0,4531.0,87.89
2023-03-23 04:00:00,87.92,87.93,87.91,87.91,2302557.0,5294.0,87.92
2023-03-24 04:00:00,87.94,87.94,87.93,87.94,3170798.0,6688.0,87.93
2023-03-27 04:00:00,87.93,87.94,87.93,87.93,1457128.0,8352.0,87.93
2023-03-28 04:00:00,87.95,87.97,87.95,87.95,1819575.0,5839.0,87.96
2023-03-29 04:00:00,87.97,87.97,87.96,87.96,1724869.0,4282.0,87.97
2023-03-30 04:00:00,87.99,87.99,87.98,87.98,2052740.0,4228.0,87.98
2023-03-31 04:00:00,87.99,87.99,87.97,87.99,5188308.0,9125.0,87.98
2023-04-03 04:00:00,88.0,88.0,87.99,88.0,3136290.0,8227.0,87.99
2023-04-04 04:00:00,88.0,88.02,88.0,88.02,3701397.0,7123.0,88.01
2023-04-05 04:00:00,88.06,88.07,88.05,88.05,2504462.0,5355.0,88.06
2023-04-06 04:00:00,88.08,88.08,88.07,88.08,1478017.0,4554.0,88.07
2023-04-10 04:00:00,88.08,88.09,88.07,88.09,3470611.0,6880.0,88.08
2023-04-11 04:00:00,88.1,88.1,88.09,88.09,2727949.0,6371.0,88.1
2023-04-12 04:00:00,88.1,88.11,88.1,88.1,10695314.0,7319.0,88.1
2023-04-13 04:00:00,88.15,88.16,88.14,88.16,1511071.0,4985.0,88.15
2023-04-14 04:00:00,88.15,88.17,88.15,88.17,1791246.0,5468.0,88.16
2023-04-17 04:00:00,88.17,88.17,88.17,88.17,1412025.0,5836.0,88.17
2023-04-18 04:00:00,88.18,88.19,88.18,88.18,1103157.0,4888.0,88.19
2023-04-19 04:00:00,88.2,88.21,88.19,88.21,1948148.0,5215.0,88.2
2023-04-20 04:00:00,88.24,88.24,88.24,88.24,1421545.0,4900.0,88.24
2023-04-21 04:00:00,88.25,88.25,88.24,88.25,1292713.0,5186.0,88.25
2023-04-24 04:00:00,88.25,88.26,88.25,88.26,1509366.0,4481.0,88.26
2023-04-25 04:00:00,88.27,88.27,88.24,88.26,1922073.0,5687.0,88.26
2023-04-26 04:00:00,88.26,88.27,88.26,88.26,1942749.0,4420.0,88.27
2023-04-27 04:00:00,88.29,88.31,88.29,88.29,2307882.0,5239.0,88.29
2023-04-28 04:00:00,88.29,88.3,88.29,88.29,2361435.0,5881.0,88.29
2023-05-01 04:00:00,88.32,88.33,88.3,88.3,3549750.0,8134.0,88.32
2023-05-02 04:00:00,88.33,88.33,88.31,88.32,1648636.0,5207.0,88.31
2023-05-03 04:00:00,88.33,88.33,88.32,88.32,1600885.0,5096.0,88.32
2023-05-04 04:00:00,88.34,88.36,88.34,88.36,4615726.0,6153.0,88.35
2023-05-05 04:00:00,88.38,88.38,88.36,88.37,2130855.0,5594.0,88.37
2023-05-08 04:00:00,88.38,88.39,88.38,88.38,2293538.0,5866.0,88.38
2023-05-09 04:00:00,88.4,88.4,88.39,88.39,1695800.0,5601.0,88.4
2023-05-10 04:00:00,88.4,88.42,88.4,88.4,1602950.0,5973.0,88.41
2023-05-11 04:00:00,88.45,88.47,88.45,88.46,2600783.0,5514.0,88.46
2023-05-12 04:00:00,88.47,88.48,88.46,88.48,1784570.0,5467.0,88.47
2023-05-15 04:00:00,88.48,88.48,88.47,88.47,1435774.0,5588.0,88.48
2023-05-16 04:00:00,88.48,88.49,88.48,88.49,1276472.0,5112.0,88.49
2023-05-17 04:00:00,88.5,88.51,88.49,88.5,1095456.0,4701.0,88.5
2023-05-18 04:00:00,88.53,88.55,88.53,88.53,1892492.0,5366.0,88.53
2023-05-19 04:00:00,88.54,88.55,88.53,88.54,1327535.0,4352.0,88.54
2023-05-22 04:00:00,88.55,88.55,88.54,88.55,1356285.0,4324.0,88.55
2023-05-23 04:00:00,88.56,88.57,88.55,88.56,1877850.0,4532.0,88.57
2023-05-24 04:00:00,88.57,88.58,88.56,88.56,2186948.0,4903.0,88.57
2023-05-25 04:00:00,88.63,88.63,88.61,88.62,2024684.0,5142.0,88.62
2023-05-26 04:00:00,88.64,88.64,88.63,88.64,1473666.0,5421.0,88.64
2023-05-30 04:00:00,88.65,88.66,88.65,88.66,2039847.0,6815.0,88.65
2023-05-31 04:00:00,88.67,88.68,88.66,88.66,3442989.0,8587.0,88.67
2023-06-01 04:00:00,88.72,88.72,88.71,88.72,3886971.0,11824.0,88.71
2023-06-02 04:00:00,88.73,88.73,88.72,88.72,2531694.0,8859.0,88.73
2023-06-05 04:00:00,88.73,88.74,88.73,88.74,2854948.0,7807.0,88.74
2023-06-06 04:00:00,88.76,88.77,88.75,88.77,2431719.0,6217.0,88.76
2023-06-07 04:00:00,88.77,88.78,88.77,88.78,2451564.0,7690.0,88.77
2023-06-08 04:00:00,88.81,88.82,88.8,88.81,1433413.0,6246.0,88.82
2023-06-09 04:00:00,88.82,88.83,88.81,88.82,2619963.0,7732.0,88.82
2023-06-12 04:00:00,88.84,88.84,88.82,88.84,1648185.0,6894.0,88.83
2023-06-13 04:00:00,88.84,88.85,88.84,88.85,2320649.0,7017.0,88.84
2023-06-14 04:00:00,88.87,88.87,88.86,88.87,1624141.0,6272.0,88.86
2023-06-15 04:00:00,88.92,88.92,88.9,88.91,1901547.0,7020.0,88.91
2023-06-16 04:00:00,88.93,88.93,88.91,88.91,2270093.0,6819.0,88.92
2023-06-20 04:00:00,88.95,88.95,88.93,88.94,3109097.0,7467.0,88.93
2023-06-21 04:00:00,88.95,88.95,88.94,88.95,1798222.0,5895.0,88.95
2023-06-22 04:00:00,88.98,88.99,88.98,88.98,1364824.0,5096.0,88.98
2023-06-23 04:00:00,89.0,89.0,88.99,89.0,1187837.0,4733.0,88.99
2023-06-26 04:00:00,89.01,89.02,89.01,89.01,2400886.0,5446.0,89.01
2023-06-27 04:00:00,89.02,89.03,89.02,89.02,1667969.0,5678.0,89.03
2023-06-28 04:00:00,89.03,89.04,89.02,89.04,2234695.0,6672.0,89.03
2023-06-29 04:00:00,89.06,89.08,89.06,89.08,2015634.0,7636.0,89.07
2023-06-30 04:00:00,89.09,89.09,89.08,89.08,4446831.0,9275.0,89.08
2023-07-03 04:00:00,89.11,89.12,89.1,89.12,3589198.0,9960.0,89.11
2023-07-05 04:00:00,89.12,89.13,89.12,89.13,2177631.0,10485.0,89.12
2023-07-06 04:00:00,89.16,89.16,89.15,89.16,6204897.0,9801.0,89.16
2023-07-07 04:00:00,89.17,89.17,89.15,89.17,2019412.0,6739.0,89.17
2023-07-10 04:00:00,89.19,89.19,89.18,89.18,2072759.0,8682.0,89.19
2023-07-11 04:00:00,89.19,89.2,89.19,89.19,2155942.0,8024.0,89.19
2023-07-12 04:00:00,89.21,89.22,89.2,89.21,2323912.0,8352.0,89.21
2023-07-13 04:00:00,89.24,89.25,89.24,89.24,2441983.0,7872.0,89.25
2023-07-14 04:00:00,89.26,89.26,89.25,89.25,4713735.0,8039.0,89.26
2023-07-17 04:00:00,89.27,89.28,89.26,89.27,1728195.0,7748.0,89.27
2023-07-18 04:00:00,89.28,89.29,89.28,89.28,1863071.0,7347.0,89.28
2023-07-19 04:00:00,89.29,89.3,89.29,89.3,1467810.0,7624.0,89.29
2023-07-20 04:00:00,89.33,89.33,89.32,89.33,1409532.0,6438.0,89.33
2023-07-21 04:00:00,89.34,89.34,89.33,89.34,1452732.0,6151.0,89.34
2023-07-24 04:00:00,89.36,89.36,89.35,89.36,1536026.0,8481.0,89.36
2023-07-25 04:00:00,89.37,89.38,89.36,89.37,1282927.0,6270.0,89.37
2023-07-26 04:00:00,89.39,89.39,89.37,89.39,1641880.0,7672.0,89.38
2023-07-27 04:00:00,89.41,89.42,89.41,89.42,1512546.0,6576.0,89.42
2023-07-28 04:00:00,89.42,89.44,89.42,89.44,1325607.0,7102.0,89.43
2023-07-31 04:00:00,89.44,89.45,89.44,89.44,3958344.0,14021.0,89.44
2023-08-01 04:00:00,89.47,89.47,89.46,89.46,4704761.0,15691.0,89.46
2023-08-02 04:00:00,89.49,89.49,89.48,89.49,2068414.0,8150.0,89.48
2023-08-03 04:00:00,89.51,89.52,89.51,89.51,2620082.0,8220.0,89.52
2023-08-04 04:00:00,89.53,89.53,89.52,89.53,2250091.0,8587.0,89.53
2023-08-07 04:00:00,89.55,89.55,89.54,89.54,2017315.0,8508.0,89.54
2023-08-08 04:00:00,89.56,89.57,89.55,89.55,2138261.0,9022.0,89.55
2023-08-09 04:00:00,89.57,89.57,89.57,89.57,1914108.0,6688.0,89.57
2023-08-10 04:00:00,89.61,89.61,89.6,89.6,3643529.0,10731.0,89.61
2023-08-11 04:00:00,89.62,89.62,89.61,89.61,1948301.0,7266.0,89.62
2023-08-14 04:00:00,89.63,89.64,89.63,89.64,2367071.0,8957.0,89.63
2023-08-15 04:00:00,89.65,89.65,89.64,89.65,2724998.0,8749.0,89.65
2023-08-16 04:00:00,89.66,89.66,89.65,89.66,3010895.0,7031.0,89.66
2023-08-17 04:00:00,89.69,89.7,89.69,89.7,5092076.0,10720.0,89.7
2023-08-18 04:00:00,89.71,89.71,89.7,89.71,2604920.0,10088.0,89.71
2023-08-21 04:00:00,89.72,89.73,89.72,89.72,1967101.0,9899.0,89.72
2023-08-22 04:00:00,89.74,89.74,89.73,89.73,2328377.0,9406.0,89.73
2023-08-23 04:00:00,89.75,89.75,89.74,89.75,2200249.0,8479.0,89.75
2023-08-24 04:00:00,89.79,89.79,89.78,89.79,2699886.0,9549.0,89.79
2023-08-25 04:00:00,89.8,89.8,89.79,89.8,1902905.0,7332.0,89.8
2023-08-28 04:00:00,89.82,89.82,89.81,89.82,1406456.0,6981.0,89.81
2023-08-29 04:00:00,89.82,89.83,89.82,89.83,2521781.0,7008.0,89.82
2023-08-30 04:00:00,89.83,89.84,89.83,89.83,1908452.0,6848.0,89.84
2023-08-31 04:00:00,89.87,89.89,89.87,89.88,4114398.0,11102.0,89.88
2023-09-01 04:00:00,89.91,89.91,89.9,89.91,6907568.0,16978.0,89.9
2023-09-05 04:00:00,89.92,89.92,89.91,89.91,2632627.0,9940.0,89.92
2023-09-06 04:00:00,89.93,89.93,89.92,89.93,2724492.0,12147.0,89.93
2023-09-07 04:00:00,89.97,89.98,89.96,89.98,2697679.0,10076.0,89.97
2023-09-08 04:00:00,89.98,89.99,89.98,89.99,2157678.0,7365.0,89.98
2023-09-11 04:00:00,89.99,90.0,89.99,89.99,1968391.0,9876.0,90.0
2023-09-12 04:00:00,90.01,90.01,90.0,90.0,1728594.0,7434.0,90.01
2023-09-13 04:00:00,90.02,90.03,90.01,90.03,2152037.0,8425.0,90.02
2023-09-14 04:00:00,90.07,90.07,90.06,90.06,2075301.0,8581.0,90.06
2023-09-15 04:00:00,90.07,90.08,90.07,90.08,2323331.0,9624.0,90.07
2023-09-18 04:00:00,90.08,90.09,90.08,90.08,2307688.0,11252.0,90.09
2023-09-19 04:00:00,90.09,90.1,90.09,90.09,1712806.0,9893.0,90.1
2023-09-20 04:00:00,90.11,90.12,90.1,90.12,1968220.0,11169.0,90.11
2023-09-21 04:00:00,90.16,90.16,90.15,90.15,3191759.0,12228.0,90.15
2023-09-22 04:00:00,90.16,90.17,90.16,90.17,3379483.0,12508.0,90.16
2023-09-25 04:00:00,90.18,90.18,90.17,90.18,2866256.0,10857.0,90.18
2023-09-26 04:00:00,90.19,90.19,90.18,90.18,2836020.0,13714.0,90.19
2023-09-27 04:00:00,90.21,90.21,90.19,90.21,3450253.0,14117.0,90.21
2023-09-28 04:00:00,90.24,90.25,90.24,90.24,2880019.0,10985.0,90.24
2023-09-29 04:00:00,90.24,90.26,90.2,90.26,5697266.0,16310.0,90.24
2023-10-02 04:00:00,90.27,90.27,90.27,90.27,6244364.0,17623.0,90.27
2023-10-03 04:00:00,90.29,90.3,90.28,90.28,4954978.0,16179.0,90.29
2023-10-04 04:00:00,90.3,90.3,90.29,90.3,3347403.0,12460.0,90.3
2023-10-05 04:00:00,90.35,90.36,90.35,90.36,3345427.0,13462.0,90.35
2023-10-06 04:00:00,90.35,90.37,90.35,90.36,3186856.0,12879.0,90.36
2023-10-09 04:00:00,90.38,90.38,90.37,90.37,2533872.0,11436.0,90.38
2023-10-10 04:00:00,90.38,90.38,90.37,90.37,2865438.0,11723.0,90.38
2023-10-11 04:00:00,90.39,90.39,90.38,90.39,2673500.0,10770.0,90.39
2023-10-12 04:00:00,90.42,90.44,90.42,90.44,2064152.0,10235.0,90.43
2023-10-13 04:00:00,90.45,90.45,90.44,90.44,2525952.0,10444.0,90.44
2023-10-16 04:00:00,90.45,90.46,90.45,90.46,2622032.0,10811.0,90.46
2023-10-17 04:00:00,90.47,90.47,90.46,90.47,2367361.0,13973.0,90.47
2023-10-18 04:00:00,90.49,90.49,90.48,90.49,5428451.0,9848.0,90.48
2023-10-19 04:00:00,90.53,90.53,90.52,90.53,2599126.0,10034.0,90.52
2023-10-20 04:00:00,90.54,90.54,90.54,90.54,2817343.0,11208.0,90.54
2023-10-23 04:00:00,90.56,90.56,90.55,90.56,2585250.0,12066.0,90.56
2023-10-24 04:00:00,90.57,90.57,90.56,90.57,2151503.0,9382.0,90.57
2023-10-25 04:00:00,90.58,90.59,90.57,90.57,3023806.0,11405.0,90.58
2023-10-26 04:00:00,90.63,90.63,90.61,90.63,2870619.0,11018.0,90.62
2023-10-27 04:00:00,90.63,90.63,90.63,90.63,3906029.0,12946.0,90.63
2023-10-30 04:00:00,90.64,90.65,90.64,90.64,3542380.0,10151.0,90.65
2023-10-31 04:00:00,90.65,90.66,90.65,90.66,4720774.0,14514.0,90.66
2023-11-01 04:00:00,90.67,90.69,90.67,90.68,9100413.0,22548.0,90.68
2023-11-02 04:00:00,90.7,90.72,90.7,90.71,3989677.0,14177.0,90.71
2023-11-03 04:00:00,90.72,90.73,90.72,90.72,3351987.0,13572.0,90.73
2023-11-06 05:00:00,90.73,90.74,90.73,90.74,3746469.0,15385.0,90.74
2023-11-07 05:00:00,90.76,90.76,90.74,90.74,3550926.0,13841.0,90.75
2023-11-08 05:00:00,90.77,90.77,90.76,90.76,3479887.0,15888.0,90.76
2023-11-09 05:00:00,90.79,90.81,90.79,90.8,2604085.0,11167.0,90.81
2023-11-10 05:00:00,90.82,90.82,90.8,90.8,3034105.0,14455.0,90.82
2023-11-13 05:00:00,90.82,90.83,90.81,90.81,7757921.0,12211.0,90.82
2023-11-14 05:00:00,90.85,90.85,90.84,90.85,3774757.0,15476.0,90.84
2023-11-15 05:00:00,90.85,90.86,90.85,90.85,3981774.0,11228.0,90.85
2023-11-16 05:00:00,90.89,90.9,90.89,90.89,2420193.0,12785.0,90.9
2023-11-17 05:00:00,90.9,90.91,90.9,90.91,2163475.0,11361.0,90.91
2023-11-20 05:00:00,90.93,90.93,90.92,90.92,2610536.0,11713.0,90.92
2023-11-21 05:00:00,90.94,90.96,90.94,90.95,2011433.0,10125.0,90.95
2023-11-22 05:00:00,90.99,90.99,90.98,90.98,2197185.0,10482.0,90.99
2023-11-24 05:00:00,91.01,91.01,91.0,91.01,1104427.0,7784.0,91.01
2023-11-27 05:00:00,91.03,91.03,91.01,91.01,2890576.0,12250.0,91.02
2023-11-28 05:00:00,91.03,91.04,91.02,91.02,1779230.0,11536.0,91.03
2023-11-29 05:00:00,91.03,91.05,91.03,91.05,2921009.0,10841.0,91.04
2023-11-30 05:00:00,91.07,91.08,91.07,91.07,6294647.0,16771.0,91.07
2023-12-01 05:00:00,91.1,91.1,91.1,91.1,6707957.0,21258.0,91.1
2023-12-04 05:00:00,91.11,91.12,91.1,91.11,3521621.0,16240.0,91.11
2023-12-05 05:00:00,91.13,91.13,91.11,91.13,2138949.0,10349.0,91.13
2023-12-06 05:00:00,91.13,91.14,91.13,91.13,2371245.0,13226.0,91.14
2023-12-07 05:00:00,91.18,91.19,91.17,91.18,2551063.0,13006.0,91.18
2023-12-08 05:00:00,91.19,91.19,91.18,91.19,2503476.0,15248.0,91.18
2023-12-11 05:00:00,91.2,91.2,91.2,91.2,2478584.0,13791.0,91.2
2023-12-12 05:00:00,91.22,91.22,91.21,91.21,2250256.0,10192.0,91.22
2023-12-13 05:00:00,91.23,91.23,91.22,91.22,4325960.0,15329.0,91.23
2023-12-14 05:00:00,91.27,91.28,91.26,91.27,5268124.0,18797.0,91.28
2023-12-15 05:00:00,91.28,91.29,91.28,91.28,3426531.0,12783.0,91.29
2023-12-18 05:00:00,91.3,91.3,91.29,91.29,4107676.0,15338.0,91.3
2023-12-19 05:00:00,91.31,91.32,91.3,91.32,4336212.0,16963.0,91.31
2023-12-20 05:00:00,91.33,91.34,91.32,91.33,4477190.0,15806.0,91.33
2023-12-21 05:00:00,91.37,91.38,91.37,91.38,4097474.0,16598.0,91.38
2023-12-22 05:00:00,91.38,91.39,91.38,91.39,3353691.0,14459.0,91.39
2023-12-26 05:00:00,91.4,91.41,91.4,91.4,2559857.0,13685.0,91.4
2023-12-27 05:00:00,91.42,91.42,91.41,91.41,3096479.0,14968.0,91.41
2023-12-28 05:00:00,91.46,91.47,91.46,91.46,3386705.0,16059.0,91.47
2023-12-29 05:00:00,91.47,91.48,91.47,91.47,3189227.0,13640.0,91.48
2024-01-02 05:00:00,91.49,91.5,91.48,91.49,5286214.0,15832.0,91.5
2024-01-03 05:00:00,91.5,91.52,91.5,91.5,4597255.0,15244.0,91.51
2024-01-04 05:00:00,91.55,91.56,91.55,91.55,2794056.0,11789.0,91.55
2024-01-05 05:00:00,91.56,91.56,91.56,91.56,3491213.0,14495.0,91.56
2024-01-08 05:00:00,91.58,91.58,91.57,91.58,2867500.0,14439.0,91.58
2024-01-09 05:00:00,91.59,91.59,91.58,91.59,2419823.0,11333.0,91.59
2024-01-10 05:00:00,91.61,91.61,91.6,91.61,1961366.0,11593.0,91.6
2024-01-11 05:00:00,91.65,91.66,91.65,91.66,3164850.0,13137.0,91.65
2024-01-12 05:00:00,91.66,91.67,91.66,91.67,2557903.0,13802.0,91.67
2024-01-16 05:00:00,91.69,91.69,91.68,91.68,2713025.0,13867.0,91.69
2024-01-17 05:00:00,91.7,91.7,91.69,91.69,2317656.0,12506.0,91.7
2024-01-18 05:00:00,91.74,91.74,91.73,91.73,2672038.0,11300.0,91.73
2024-01-19 05:00:00,91.75,91.76,91.74,91.76,3630115.0,13956.0,91.75
2024-01-22 05:00:00,91.77,91.77,91.76,91.76,4306965.0,15921.0,91.76
2024-01-23 05:00:00,91.77,91.78,91.77,91.78,2066172.0,9872.0,91.78
2024-01-24 05:00:00,91.78,91.79,91.78,91.79,3441606.0,13491.0,91.79
2024-01-25 05:00:00,91.82,91.84,91.82,91.84,2426026.0,10602.0,91.83
2024-01-26 05:00:00,91.85,91.85,91.84,91.84,2059139.0,11942.0,91.84
2024-01-29 05:00:00,91.86,91.87,91.85,91.85,2914388.0,11882.0,91.86
2024-01-30 05:00:00,91.87,91.87,91.87,91.87,3741014.0,11156.0,91.87
2024-01-31 05:00:00,91.87,91.88,91.87,91.87,5171264.0,16002.0,91.88
2024-02-01 05:00:00,91.94,91.94,91.93,91.93,7038575.0,22355.0,91.93
2024-02-02 05:00:00,91.94,91.94,91.93,91.94,3864786.0,17231.0,91.93
2024-02-05 05:00:00,91.95,91.95,91.95,91.95,3969403.0,16642.0,91.95
2024-02-06 05:00:00,91.96,91.97,91.95,91.96,2167341.0,10996.0,91.97
2024-02-07 05:00:00,91.98,91.98,91.97,91.98,2621203.0,11872.0,91.98
2024-02-08 05:00:00,92.01,92.03,92.01,92.01,3838722.0,12959.0,92.02
2024-02-09 05:00:00,92.03,92.04,92.02,92.04,3232544.0,12598.0,92.03
2024-02-12 05:00:00,92.05,92.06,92.04,92.04,2792693.0,12752.0,92.05
2024-02-13 05:00:00,92.06,92.06,92.05,92.06,3009022.0,12878.0,92.05
2024-02-14 05:00:00,92.07,92.07,92.06,92.07,2614103.0,10398.0,92.07
2024-02-15 05:00:00,92.13,92.13,92.12,92.12,2577790.0,11274.0,92.13
2024-02-16 05:00:00,92.14,92.14,92.13,92.13,2920731.0,11171.0,92.14
2024-02-20 05:00:00,92.15,92.16,92.14,92.15,3268639.0,14006.0,92.15
2024-02-21 05:00:00,92.17,92.17,92.16,92.16,2316624.0,10148.0,92.17
2024-02-22 05:00:00,92.19,92.2,92.19,92.19,2452158.0,12098.0,92.2
2024-02-23 05:00:00,92.22,92.22,92.21,92.22,2010086.0,12555.0,92.22
2024-02-26 05:00:00,92.23,92.24,92.23,92.23,2645068.0,12032.0,92.23
2024-02-27 05:00:00,92.25,92.25,92.24,92.25,2360278.0,10704.0,92.24
2024-02-28 05:00:00,92.25,92.26,92.25,92.26,4526206.0,13254.0,92.26
2024-02-29 05:00:00,92.28,92.29,92.28,92.28,5560198.0,15610.0,92.29
2024-03-01 05:00:00,92.31,92.31,92.3,92.31,7579179.0,24981.0,92.31
2024-03-04 05:00:00,92.32,92.33,92.32,92.32,3613491.0,19114.0,92.33
2024-03-05 05:00:00,92.33,92.34,92.33,92.33,3905276.0,15884.0,92.34
2024-03-06 05:00:00,92.35,92.36,92.34,92.35,2759983.0,11789.0,92.35
2024-03-07 05:00:00,92.39,92.39,92.39,92.39,2415511.0,12897.0,92.39
2024-03-08 05:00:00,92.41,92.41,92.39,92.4,3748924.0,14213.0,92.41
2024-03-11 04:00:00,92.42,92.42,92.41,92.42,3238400.0,13510.0,92.42
2024-03-12 04:00:00,92.43,92.44,92.43,92.43,2613328.0,11475.0,92.44
2024-03-13 04:00:00,92.44,92.45,92.44,92.44,2249297.0,11625.0,92.44
2024-03-14 04:00:00,92.48,92.49,92.48,92.48,3469583.0,11261.0,92.48
2024-03-15 04:00:00,92.5,92.5,92.49,92.5,3277282.0,13139.0,92.49
2024-03-18 04:00:00,92.51,92.51,92.51,92.51,3576202.0,14676.0,92.51
2024-03-19 04:00:00,92.53,92.53,92.52,92.52,2661871.0,10723.0,92.53
2024-03-20 04:00:00,92.53,92.54,92.53,92.53,2492738.0,10726.0,92.54
2024-03-21 04:00:00,92.57,92.58,92.57,92.57,3547391.0,11478.0,92.57
2024-03-22 04:00:00,92.6,92.6,92.58,92.59,2636660.0,10630.0,92.59
2024-03-25 04:00:00,92.61,92.62,92.61,92.61,2422898.0,11231.0,92.61
2024-03-26 04:00:00,92.62,92.62,92.62,92.62,3181669.0,12147.0,92.62
2024-03-27 04:00:00,92.67,92.67,92.66,92.66,2990762.0,11972.0,92.67
2024-03-28 04:00:00,92.68,92.68,92.67,92.67,5425754.0,17360.0,92.68
2024-04-01 04:00:00,92.71,92.71,92.7,92.7,7395416.0,28522.0,92.7
2024-04-02 04:00:00,92.72,92.72,92.71,92.72,4202894.0,17998.0,92.71
2024-04-03 04:00:00,92.73,92.74,92.73,92.73,4333585.0,17529.0,92.73
2024-04-04 04:00:00,92.76,92.77,92.76,92.77,3427471.0,12370.0,92.77
2024-04-05 04:00:00,92.79,92.79,92.78,92.78,3104232.0,13492.0,92.78
2024-04-08 04:00:00,92.8,92.8,92.79,92.8,3511417.0,17593.0,92.8
2024-04-09 04:00:00,92.81,92.81,92.8,92.81,3587179.0,15173.0,92.81
2024-04-10 04:00:00,92.82,92.83,92.81,92.83,3893050.0,14923.0,92.82
2024-04-11 04:00:00,92.86,92.86,92.86,92.86,3521147.0,13758.0,92.86
2024-04-12 04:00:00,92.87,92.87,92.86,92.87,4220499.0,17324.0,92.87
2024-04-15 04:00:00,92.88,92.89,92.88,92.89,4144716.0,18823.0,92.89
2024-04-16 04:00:00,92.9,92.91,92.89,92.89,4849995.0,16562.0,92.9
2024-04-17 04:00:00,92.92,92.92,92.91,92.92,3688385.0,16596.0,92.92
2024-04-18 04:00:00,92.96,92.96,92.95,92.95,3235591.0,13909.0,92.95
2024-04-19 04:00:00,92.98,92.98,92.96,92.98,3319530.0,14388.0,92.97
2024-04-22 04:00:00,92.98,92.98,92.98,92.98,3547389.0,15198.0,92.98
2024-04-23 04:00:00,92.99,93.0,92.98,92.99,4233300.0,13026.0,93.0
2024-04-24 04:00:00,93.01,93.01,93.0,93.0,3200045.0,14469.0,93.01
2024-04-25 04:00:00,93.05,93.05,93.04,93.05,2705934.0,11930.0,93.05
2024-04-26 04:00:00,93.06,93.07,93.06,93.07,3008586.0,12648.0,93.06
2024-04-29 04:00:00,93.08,93.08,93.07,93.07,2501932.0,12895.0,93.07
2024-04-30 04:00:00,93.08,93.09,93.08,93.08,6488016.0,18358.0,93.08
2024-05-01 04:00:00,93.11,93.11,93.1,93.11,8406643.0,28103.0,93.11
2024-05-02 04:00:00,93.15,93.15,93.14,93.15,4369601.0,23351.0,93.15
2024-05-03 04:00:00,93.16,93.17,93.15,93.17,4792429.0,20974.0,93.16
2024-05-06 04:00:00,93.17,93.18,93.17,93.18,3623658.0,17060.0,93.17
2024-05-07 04:00:00,93.19,93.19,93.18,93.18,3591455.0,16677.0,93.18
2024-05-08 04:00:00,93.2,93.2,93.19,93.2,3109419.0,17787.0,93.19
2024-05-09 04:00:00,93.24,93.24,93.23,93.23,2739595.0,13439.0,93.24
2024-05-10 04:00:00,93.26,93.26,93.24,93.26,3005776.0,14469.0,93.25
2024-05-13 04:00:00,93.27,93.27,93.26,93.27,3316998.0,14722.0,93.27
2024-05-14 04:00:00,93.28,93.28,93.27,93.27,2765778.0,13061.0,93.28
2024-05-15 04:00:00,93.29,93.3,93.29,93.29,4228566.0,16785.0,93.29
2024-05-16 04:00:00,93.33,93.34,93.33,93.33,3699452.0,13353.0,93.34
2024-05-17 04:00:00,93.35,93.35,93.34,93.34,4544232.0,14893.0,93.35
2024-05-20 04:00:00,93.36,93.36,93.35,93.35,3340980.0,15596.0,93.36
2024-05-21 04:00:00,93.37,93.38,93.37,93.37,3774876.0,12683.0,93.38
2024-05-22 04:00:00,93.39,93.39,93.38,93.38,2609019.0,12488.0,93.39
2024-05-23 04:00:00,93.44,93.45,93.44,93.45,3077797.0,13821.0,93.44
2024-05-24 04:00:00,93.46,93.46,93.45,93.46,2512773.0,12159.0,93.45
2024-05-28 04:00:00,93.46,93.46,93.46,93.46,3684571.0,15657.0,93.46
2024-05-29 04:00:00,93.47,93.47,93.46,93.46,3971666.0,15294.0,93.47
2024-05-30 04:00:00,93.48,93.49,93.48,93.48,3581730.0,13521.0,93.49
2024-05-31 04:00:00,93.51,93.52,93.51,93.52,7082885.0,18733.0,93.52
2024-06-03 04:00:00,93.54,93.55,93.54,93.54,9568164.0,37098.0,93.54
2024-06-04 04:00:00,93.56,93.56,93.55,93.56,5355935.0,23244.0,93.56
2024-06-05 04:00:00,93.57,93.58,93.57,93.58,4285327.0,16214.0,93.57
2024-06-06 04:00:00,93.59,93.59,93.58,93.58,3376143.0,15311.0,93.58
2024-06-07 04:00:00,93.62,93.62,93.61,93.61,3490442.0,15575.0,93.62
2024-06-10 04:00:00,93.64,93.64,93.63,93.63,2753953.0,17538.0,93.64
2024-06-11 04:00:00,93.65,93.65,93.64,93.65,3319961.0,14769.0,93.65
2024-06-12 04:00:00,93.66,93.67,93.65,93.67,5355686.0,23405.0,93.67
2024-06-13 04:00:00,93.68,93.69,93.67,93.68,3925736.0,21942.0,93.68
2024-06-14 04:00:00,93.72,93.73,93.71,93.73,3505498.0,18033.0,93.71
2024-06-17 04:00:00,93.73,93.73,93.73,93.73,3493685.0,17679.0,93.73
2024-06-18 04:00:00,93.76,93.76,93.75,93.76,2971950.0,16310.0,93.76
2024-06-20 04:00:00,93.77,93.78,93.77,93.77,3580662.0,18581.0,93.78
2024-06-21 04:00:00,93.81,93.82,93.81,93.81,3498053.0,15873.0,93.81
2024-06-24 04:00:00,93.83,93.83,93.82,93.82,3369496.0,17878.0,93.82
2024-06-25 04:00:00,93.84,93.84,93.83,93.84,3626386.0,23153.0,93.83
2024-06-26 04:00:00,93.85,93.86,93.85,93.85,4815501.0,28164.0,93.85
2024-06-27 04:00:00,93.87,93.87,93.86,93.86,3349880.0,14091.0,93.86
2024-06-28 04:00:00,93.89,93.9,93.89,93.89,7421606.0,24644.0,93.9
2024-07-01 04:00:00,93.93,93.93,93.92,93.93,9965321.0,37522.0,93.93
2024-07-02 04:00:00,93.94,93.94,93.93,93.94,5720921.0,28355.0,93.94
2024-07-03 04:00:00,93.97,93.97,93.96,93.97,3985971.0,20886.0,93.96
2024-07-05 04:00:00,93.99,94.0,93.99,94.0,3742040.0,23252.0,94.0
2024-07-08 04:00:00,94.01,94.02,94.01,94.02,3262994.0,18609.0,94.02
2024-07-09 04:00:00,94.03,94.04,94.02,94.02,4519180.0,21178.0,94.03
2024-07-10 04:00:00,94.04,94.05,94.04,94.04,4062229.0,17479.0,94.05
2024-07-11 04:00:00,94.05,94.06,94.05,94.06,4195612.0,17827.0,94.06
2024-07-12 04:00:00,94.11,94.11,94.1,94.11,3369003.0,16629.0,94.1
2024-07-15 04:00:00,94.12,94.12,94.11,94.11,3615105.0,19121.0,94.11
2024-07-16 04:00:00,94.13,94.13,94.12,94.13,3622884.0,18895.0,94.12
2024-07-17 04:00:00,94.14,94.14,94.13,94.14,3822066.0,18386.0,94.13
2024-07-18 04:00:00,94.14,94.15,94.14,94.15,5291379.0,18015.0,94.15
2024-07-19 04:00:00,94.19,94.19,94.18,94.19,2993644.0,15426.0,94.19
2024-07-22 04:00:00,94.21,94.21,94.2,94.21,3386490.0,16268.0,94.21
2024-07-23 04:00:00,94.22,94.23,94.21,94.22,2829209.0,13012.0,94.22
2024-07-24 04:00:00,94.23,94.24,94.22,94.23,3474470.0,18444.0,94.23
2024-07-25 04:00:00,94.25,94.25,94.24,94.25,3521732.0,17118.0,94.24
2024-07-26 04:00:00,94.28,94.29,94.28,94.28,3172640.0,15255.0,94.28
2024-07-29 04:00:00,94.29,94.3,94.29,94.3,3258979.0,14567.0,94.3
2024-07-30 04:00:00,94.31,94.31,94.3,94.3,4559859.0,14740.0,94.31
2024-07-31 04:00:00,94.31,94.32,94.31,94.31,7256919.0,20602.0,94.32
2024-08-01 04:00:00,94.34,94.34,94.34,94.34,11015583.0,35819.0,94.34
2024-08-02 04:00:00,94.38,94.39,94.37,94.39,7927417.0,27476.0,94.39
2024-08-05 04:00:00,94.39,94.42,94.39,94.4,8712895.0,32217.0,94.4
2024-08-06 04:00:00,94.4,94.42,94.4,94.42,5059083.0,20317.0,94.41
2024-08-07 04:00:00,94.42,94.43,94.42,94.42,4611418.0,22821.0,94.42
2024-08-08 04:00:00,94.44,94.45,94.43,94.45,3903327.0,19537.0,94.44
2024-08-09 04:00:00,94.48,94.49,94.47,94.48,5548308.0,20187.0,94.48
2024-08-12 04:00:00,94.49,94.5,94.49,94.49,3845407.0,20055.0,94.49
2024-08-13 04:00:00,94.51,94.51,94.5,94.51,4782152.0,17533.0,94.51
2024-08-14 04:00:00,94.52,94.53,94.51,94.53,4327711.0,17501.0,94.52
2024-08-15 04:00:00,94.52,94.54,94.52,94.54,4217765.0,18660.0,94.53
2024-08-16 04:00:00,94.58,94.58,94.57,94.58,3638873.0,19853.0,94.58
2024-08-19 04:00:00,94.59,94.6,94.59,94.59,3930732.0,19682.0,94.59
2024-08-20 04:00:00,94.61,94.61,94.6,94.6,3084174.0,16886.0,94.6
2024-08-21 04:00:00,94.61,94.63,94.61,94.63,3935965.0,15655.0,94.62
2024-08-22 04:00:00,94.64,94.64,94.63,94.63,3849072.0,16789.0,94.63
2024-08-23 04:00:00,94.67,94.67,94.66,94.66,3549938.0,18506.0,94.67
2024-08-26 04:00:00,94.68,94.69,94.68,94.68,3968984.0,21963.0,94.69
2024-08-27 04:00:00,94.7,94.7,94.69,94.69,2818078.0,15516.0,94.7
2024-08-28 04:00:00,94.71,94.71,94.7,94.7,3500805.0,16022.0,94.71
2024-08-29 04:00:00,94.72,94.73,94.71,94.71,4537697.0,14852.0,94.72
2024-08-30 04:00:00,94.76,94.77,94.76,94.76,8427359.0,24110.0,94.76
2024-09-03 04:00:00,94.8,94.8,94.79,94.8,11846652.0,40306.0,94.8
2024-09-04 04:00:00,94.82,94.82,94.81,94.81,7218313.0,25379.0,94.81
2024-09-05 04:00:00,94.83,94.84,94.82,94.84,4833286.0,20500.0,94.83
2024-09-06 04:00:00,94.87,94.87,94.87,94.87,5534601.0,25379.0,94.87
2024-09-09 04:00:00,94.88,94.89,94.88,94.88,5397400.0,27396.0,94.89
2024-09-10 04:00:00,94.9,94.9,94.88,94.9,4143874.0,23648.0,94.89
2024-09-11 04:00:00,94.9,94.91,94.9,94.9,4500096.0,17747.0,94.91
2024-09-12 04:00:00,94.92,94.92,94.91,94.91,3922629.0,18535.0,94.92
2024-09-13 04:00:00,94.95,94.97,94.95,94.97,3465187.0,19895.0,94.96
2024-09-16 04:00:00,94.97,94.99,94.97,94.99,3571111.0,19782.0,94.98
2024-09-17 04:00:00,95.0,95.01,94.99,94.99,4452203.0,23685.0,95.0
2024-09-18 04:00:00,95.01,95.03,95.01,95.02,4077670.0,20990.0,95.01
2024-09-19 04:00:00,95.03,95.04,95.03,95.04,5165762.0,26965.0,95.04
2024-09-20 04:00:00,95.08,95.08,95.07,95.07,4244778.0,18147.0,95.08
2024-09-23 04:00:00,95.09,95.1,95.08,95.1,5220884.0,19959.0,95.09
2024-09-24 04:00:00,95.1,95.11,95.1,95.11,3923538.0,20987.0,95.11
2024-09-25 04:00:00,95.12,95.13,95.11,95.11,3372436.0,17699.0,95.12
2024-09-26 04:00:00,95.12,95.13,95.12,95.12,4364431.0,19907.0,95.13
2024-09-27 04:00:00,95.16,95.17,95.16,95.16,4945423.0,21513.0,95.16
2024-09-30 04:00:00,95.17,95.18,95.16,95.16,9295111.0,33210.0,95.17
2024-10-01 04:00:00,95.2,95.2,95.19,95.2,11569178.0,40179.0,95.19
2024-10-02 04:00:00,95.21,95.21,95.2,95.2,5170347.0,26216.0,95.2
2024-10-03 04:00:00,95.21,95.21,95.21,95.21,4066059.0,20462.0,95.21
2024-10-04 04:00:00,95.25,95.25,95.24,95.24,5011063.0,24283.0,95.25
2024-10-07 04:00:00,95.25,95.26,95.25,95.25,4792487.0,27446.0,95.26
2024-10-08 04:00:00,95.26,95.27,95.26,95.26,3923145.0,29428.0,95.27
2024-10-09 04:00:00,95.28,95.29,95.27,95.28,4024764.0,22587.0,95.28
2024-10-10 04:00:00,95.3,95.3,95.29,95.3,3731052.0,19376.0,95.3
2024-10-11 04:00:00,95.34,95.35,95.34,95.34,3778350.0,20279.0,95.34
2024-10-14 04:00:00,95.34,95.35,95.34,95.34,3297143.0,19908.0,95.34
2024-10-15 04:00:00,95.36,95.36,95.35,95.36,3567381.0,19719.0,95.35
2024-10-16 04:00:00,95.37,95.38,95.37,95.38,3809895.0,23993.0,95.37
2024-10-17 04:00:00,95.38,95.39,95.38,95.38,3575461.0,19726.0,95.38
2024-10-18 04:00:00,95.42,95.42,95.4,95.41,3970219.0,21284.0,95.41
2024-10-21 04:00:00,95.42,95.43,95.42,95.43,3940566.0,21528.0,95.43
2024-10-22 04:00:00,95.44,95.44,95.43,95.44,3462820.0,18480.0,95.44
2024-10-23 04:00:00,95.46,95.46,95.44,95.44,3927662.0,19819.0,95.46
2024-10-24 04:00:00,95.47,95.47,95.46,95.47,3704461.0,18765.0,95.47
2024-10-25 04:00:00,95.5,95.51,95.5,95.51,5386904.0,19567.0,95.5
2024-10-28 04:00:00,95.52,95.52,95.51,95.51,3471284.0,19271.0,95.51
2024-10-29 04:00:00,95.52,95.53,95.51,95.53,3449922.0,17573.0,95.52
2024-10-30 04:00:00,95.54,95.55,95.53,95.53,7059200.0,19046.0,95.54
2024-10-31 04:00:00,95.54,95.56,95.54,95.55,11321055.0,30724.0,95.55
2024-11-01 04:00:00,95.6,95.6,95.59,95.6,13451817.0,40308.0,95.59
2024-11-04 05:00:00,95.61,95.62,95.6,95.61,5041520.0,26790.0,95.61
2024-11-05 05:00:00,95.62,95.63,95.61,95.63,4280460.0,21284.0,95.62
2024-11-06 05:00:00,95.62,95.64,95.62,95.63,9470861.0,32289.0,95.63
2024-11-07 05:00:00,95.64,95.65,95.64,95.65,6188054.0,33146.0,95.64
2024-11-08 05:00:00,95.68,95.69,95.68,95.69,5624219.0,27376.0,95.68
2024-11-11 05:00:00,95.68,95.69,95.68,95.68,4443709.0,29950.0,95.69
2024-11-12 05:00:00,95.7,95.7,95.69,95.69,4283311.0,28378.0,95.7
2024-11-13 05:00:00,95.71,95.72,95.7,95.72,4817968.0,23984.0,95.71
2024-11-14 05:00:00,95.73,95.73,95.72,95.72,4353238.0,25075.0,95.73
2024-11-15 05:00:00,95.76,95.77,95.76,95.77,5605114.0,25306.0,95.77
2024-11-18 05:00:00,95.78,95.78,95.77,95.78,5597253.0,27384.0,95.78
2024-11-19 05:00:00,95.79,95.79,95.78,95.79,4310889.0,21342.0,95.79
2024-11-20 05:00:00,95.8,95.81,95.79,95.81,4111782.0,20090.0,95.8
2024-11-21 05:00:00,95.82,95.82,95.81,95.81,4410667.0,20502.0,95.81
2024-11-22 05:00:00,95.84,95.85,95.84,95.84,4343858.0,20829.0,95.84
2024-11-25 05:00:00,95.85,95.86,95.85,95.85,6020230.0,27304.0,95.85
2024-11-26 05:00:00,95.87,95.88,95.86,95.87,4586888.0,21028.0,95.87
2024-11-27 05:00:00,95.88,95.89,95.88,95.88,5908972.0,26714.0,95.89
2024-11-29 05:00:00,95.92,95.93,95.92,95.92,6581137.0,22637.0,95.93
2024-12-02 05:00:00,95.94,95.95,95.94,95.94,11471762.0,45371.0,95.95
2024-12-03 05:00:00,95.96,95.96,95.95,95.95,5734082.0,26526.0,95.96
2024-12-04 05:00:00,95.97,95.98,95.96,95.97,5351137.0,27008.0,95.97
2024-12-05 05:00:00,95.98,95.99,95.98,95.98,4870132.0,26851.0,95.98
2024-12-06 05:00:00,96.03,96.03,96.02,96.03,4779049.0,27816.0,96.02
2024-12-09 05:00:00,96.03,96.04,96.03,96.04,5539785.0,28851.0,96.03
2024-12-10 05:00:00,96.05,96.05,96.05,96.05,5293455.0,23643.0,96.05
2024-12-11 05:00:00,96.06,96.06,96.05,96.05,4855334.0,22782.0,96.06
2024-12-12 05:00:00,96.07,96.07,96.06,96.06,4701016.0,24554.0,96.07
2024-12-13 05:00:00,96.1,96.11,96.1,96.11,4671493.0,26413.0,96.11
2024-12-16 05:00:00,96.12,96.12,96.11,96.12,5598929.0,30412.0,96.12
2024-12-17 05:00:00,96.13,96.13,96.12,96.12,5798524.0,28172.0,96.13
2024-12-18 05:00:00,96.14,96.14,96.13,96.14,11526503.0,38819.0,96.14
2024-12-19 05:00:00,96.15,96.17,96.15,96.16,8319417.0,34740.0,96.16
2024-12-20 05:00:00,96.19,96.19,96.18,96.18,8898945.0,33883.0,96.19
2024-12-23 05:00:00,96.2,96.2,96.19,96.2,7032474.0,31279.0,96.2
2024-12-24 05:00:00,96.23,96.23,96.22,96.23,4654307.0,23542.0,96.22
2024-12-26 05:00:00,96.24,96.24,96.23,96.24,5015115.0,27703.0,96.23
2024-12-27 05:00:00,96.26,96.27,96.26,96.27,6558031.0,29829.0,96.26
2024-12-30 05:00:00,96.28,96.28,96.27,96.27,6547612.0,34028.0,96.27
2024-12-31 05:00:00,96.31,96.32,96.3,96.3,7371281.0,33516.0,96.3
2025-01-02 05:00:00,96.32,96.32,96.31,96.32,7533050.0,44925.0,96.31
2025-01-03 05:00:00,96.35,96.35,96.34,96.34,6730075.0,35683.0,96.35
2025-01-06 05:00:00,96.35,96.36,96.34,96.34,6938322.0,38314.0,96.36
2025-01-07 05:00:00,96.37,96.37,96.36,96.36,6792082.0,33229.0,96.37
2025-01-08 05:00:00,96.37,96.38,96.37,96.38,6101071.0,34022.0,96.38
2025-01-10 05:00:00,96.42,96.43,96.41,96.42,7644579.0,49277.0,96.42
2025-01-13 05:00:00,96.44,96.44,96.43,96.44,7647252.0,39820.0,96.44
2025-01-14 05:00:00,96.45,96.45,96.44,96.45,7245350.0,37907.0,96.45
2025-01-15 05:00:00,96.46,96.46,96.45,96.46,6878581.0,34568.0,96.46
2025-01-16 05:00:00,96.47,96.48,96.46,96.46,5352499.0,28817.0,96.47
2025-01-17 05:00:00,96.51,96.52,96.5,96.51,6563015.0,32283.0,96.5
2025-01-21 05:00:00,96.52,96.53,96.52,96.52,7952411.0,48032.0,96.52
2025-01-22 05:00:00,96.53,96.54,96.53,96.54,5717643.0,40400.0,96.53
2025-01-23 05:00:00,96.55,96.55,96.54,96.55,5085798.0,31441.0,96.54
2025-01-24 05:00:00,96.57,96.58,96.57,96.57,6379975.0,34316.0,96.58
2025-01-27 05:00:00,96.58,96.59,96.57,96.57,9439760.0,52128.0,96.59
2025-01-28 05:00:00,96.59,96.6,96.58,96.6,5857867.0,37148.0,96.59
2025-01-29 05:00:00,96.6,96.61,96.6,96.6,3978722.0,25551.0,96.61
2025-01-30 05:00:00,96.61,96.63,96.61,96.62,8043525.0,33302.0,96.62
2025-01-31 05:00:00,96.65,96.65,96.64,96.64,12461577.0,42350.0,96.65
2025-02-03 05:00:00,96.65,96.66,96.65,96.66,16435181.0,59867.0,96.66
2025-02-04 05:00:00,96.68,96.68,96.67,96.68,7837372.0,38951.0,96.68
2025-02-05 05:00:00,96.69,96.69,96.68,96.68,7100894.0,36526.0,96.69
2025-02-06 05:00:00,96.7,96.7,96.69,96.7,5804266.0,36151.0,96.7
2025-02-07 05:00:00,96.74,96.74,96.72,96.73,6757133.0,42185.0,96.73
2025-02-10 05:00:00,96.75,96.75,96.74,96.75,7516868.0,74444.0,96.75
2025-02-11 05:00:00,96.76,96.76,96.75,96.75,6424123.0,52327.0,96.76
2025-02-12 05:00:00,96.76,96.77,96.76,96.76,6618848.0,41695.0,96.77
2025-02-13 05:00:00,96.78,96.78,96.77,96.78,5690055.0,41647.0,96.78
2025-02-14 05:00:00,96.82,96.83,96.82,96.82,7648103.0,37808.0,96.82
2025-02-18 05:00:00,96.84,96.84,96.83,96.84,15815186.0,80979.0,96.83
2025-02-19 05:00:00,96.85,96.85,96.84,96.84,7273940.0,51371.0,96.84
2025-02-20 05:00:00,96.86,96.86,96.85,96.86,7608016.0,41283.0,96.85
2025-02-21 05:00:00,96.89,96.9,96.89,96.9,9110962.0,42339.0,96.89
2025-02-24 05:00:00,96.91,96.91,96.9,96.91,9734560.0,70946.0,96.9
2025-02-25 05:00:00,96.91,96.91,96.91,96.91,10827749.0,97443.0,96.91
2025-02-26 05:00:00,96.91,96.92,96.91,96.91,9566652.0,61028.0,96.92
2025-02-27 05:00:00,96.94,96.94,96.93,96.94,10807838.0,62024.0,96.94
2025-02-28 05:00:00,96.96,96.97,96.96,96.96,13772572.0,69050.0,96.97
2025-03-03 05:00:00,96.99,96.99,96.98,96.99,17436648.0,82439.0,96.98
2025-03-04 05:00:00,96.99,96.99,96.99,96.99,11543096.0,75329.0,96.99
2025-03-05 05:00:00,96.99,97.0,96.99,96.99,7162553.0,48524.0,97.0
2025-03-06 05:00:00,97.01,97.02,97.0,97.02,9925495.0,70242.0,97.01
2025-03-07 05:00:00,97.05,97.05,97.04,97.05,8962370.0,54570.0,97.05
2025-03-10 04:00:00,97.06,97.06,97.05,97.05,14768094.0,62872.0,97.06
2025-03-11 04:00:00,97.06,97.07,97.06,97.07,11456943.0,79646.0,97.07
2025-03-12 04:00:00,97.08,97.08,97.07,97.07,11307312.0,70196.0,97.08
2025-03-13 04:00:00,97.08,97.1,97.08,97.1,13110588.0,57274.0,97.1
2025-03-14 04:00:00,97.13,97.13,97.12,97.13,11421920.0,58703.0,97.13
2025-03-17 04:00:00,97.14,97.14,97.13,97.14,9018288.0,61714.0,97.14
2025-03-18 04:00:00,97.15,97.15,97.14,97.15,9213120.0,84892.0,97.15
2025-03-19 04:00:00,97.16,97.17,97.16,97.17,13584822.0,83354.0,97.16
2025-03-20 04:00:00,97.18,97.18,97.17,97.17,12648505.0,76703.0,97.17
2025-03-21 04:00:00,97.21,97.21,97.2,97.2,13101819.0,83557.0,97.2
2025-03-24 04:00:00,97.22,97.23,97.22,97.22,13854646.0,121056.0,97.22
2025-03-25 04:00:00,97.23,97.23,97.22,97.23,13844793.0,118015.0,97.22
2025-03-26 04:00:00,97.25,97.25,97.24,97.25,12321868.0,79920.0,97.24
2025-03-27 04:00:00,97.26,97.26,97.25,97.26,10022008.0,65681.0,97.25
2025-03-28 04:00:00,97.28,97.28,97.28,97.28,11747104.0,65009.0,97.28
2025-03-31 04:00:00,97.28,97.29,97.28,97.28,18210772.0,85269.0,97.29
2025-04-01 04:00:00,97.31,97.31,97.3,97.31,21033208.0,161292.0,97.31
2025-04-02 04:00:00,97.32,97.32,97.31,97.32,10658877.0,127856.0,97.32
2025-04-03 04:00:00,97.33,97.34,97.32,97.34,13988757.0,145545.0,97.33
2025-04-04 04:00:00,97.36,97.37,97.36,97.37,22826288.0,114013.0,97.36
2025-04-07 04:00:00,97.37,97.38,97.37,97.38,22564022.0,125003.0,97.37
2025-04-08 04:00:00,97.37,97.39,97.37,97.38,17116066.0,160792.0,97.38
2025-04-09 04:00:00,97.39,97.4,97.39,97.4,21838816.0,141127.0,97.39
2025-04-10 04:00:00,97.4,97.41,97.4,97.4,16851485.0,128055.0,97.4
2025-04-11 04:00:00,97.44,97.45,97.44,97.45,12916557.0,83300.0,97.44
2025-04-14 04:00:00,97.45,97.46,97.45,97.46,13772253.0,123116.0,97.45
2025-04-15 04:00:00,97.47,97.47,97.46,97.47,10043681.0,126140.0,97.46
2025-04-16 04:00:00,97.48,97.48,97.47,97.48,8840005.0,144198.0,97.48
2025-04-17 04:00:00,97.53,97.53,97.52,97.52,8652743.0,139982.0,97.53
2025-04-21 04:00:00,97.53,97.53,97.52,97.52,10756100.0,167403.0,97.53
2025-04-22 04:00:00,97.54,97.54,97.53,97.53,11603361.0,134825.0,97.54
2025-04-23 04:00:00,97.55,97.56,97.54,97.56,19135143.0,139111.0,97.56
2025-04-24 04:00:00,97.57,97.57,97.56,97.56,12068736.0,119888.0,97.56
2025-04-25 04:00:00,97.6,97.6,97.59,97.6,8822679.0,115945.0,97.6
2025-04-28 04:00:00,97.6,97.61,97.6,97.6,9127948.0,48309.0,97.61
2025-04-29 04:00:00,97.61,97.62,97.61,97.61,8554985.0,83249.0,97.62
2025-04-30 04:00:00,97.62,97.64,97.62,97.64,16040248.0,82657.0,97.63
2025-05-01 04:00:00,97.65,97.65,97.64,97.65,21288666.0,98632.0,97.65
2025-05-02 04:00:00,97.67,97.68,97.67,97.68,13930879.0,141815.0,97.68
2025-05-05 04:00:00,97.69,97.69,97.68,97.69,13223731.0,157658.0,97.69
2025-05-06 04:00:00,97.7,97.7,97.69,97.69,8985996.0,129312.0,97.7
2025-05-07 04:00:00,97.71,97.71,97.7,97.7,8542855.0,163820.0,97.71
2025-05-08 04:00:00,97.72,97.73,97.71,97.73,11931067.0,77020.0,97.72
2025-05-09 04:00:00,97.75,97.76,97.75,97.76,11793744.0,89413.0,97.75
2025-05-12 04:00:00,97.76,97.77,97.76,97.76,16808333.0,199331.0,97.76
2025-05-13 04:00:00,97.77,97.78,97.77,97.78,18174397.0,191656.0,97.77
2025-05-14 04:00:00,97.78,97.79,97.78,97.79,9821109.0,106146.0,97.79
2025-05-15 04:00:00,97.8,97.8,97.79,97.79,10057572.0,50041.0,97.8
2025-05-16 04:00:00,97.83,97.84,97.83,97.83,10109303.0,43654.0,97.83
2025-05-19 04:00:00,97.85,97.85,97.84,97.84,15759066.0,95425.0,97.85
2025-05-20 04:00:00,97.86,97.86,97.85,97.86,9249089.0,57725.0,97.86
2025-05-21 04:00:00,97.87,97.87,97.86,97.87,11325898.0,132283.0,97.87
2025-05-22 04:00:00,97.88,97.89,97.88,97.89,8901730.0,118740.0,97.88
2025-05-23 04:00:00,97.93,97.93,97.92,97.92,9119434.0,121750.0,97.92
2025-05-27 04:00:00,97.94,97.94,97.93,97.93,10526640.0,164162.0,97.93
2025-05-28 04:00:00,97.95,97.96,97.95,97.96,8415209.0,130458.0,97.95
2025-05-29 04:00:00,97.96,97.97,97.95,97.96,10435739.0,119382.0,97.95
2025-05-30 04:00:00,97.99,97.99,97.99,97.99,14209488.0,77261.0,97.99
2025-06-02 04:00:00,98.01,98.01,98.0,98.01,21934030.0,140928.0,98.01
2025-06-03 04:00:00,98.02,98.02,98.01,98.02,11979544.0,82893.0,98.02
2025-06-04 04:00:00,98.03,98.03,98.02,98.03,8923793.0,95322.0,98.03
2025-06-05 04:00:00,98.04,98.04,98.03,98.04,10152631.0,125443.0,98.04
2025-06-06 04:00:00,98.08,98.08,98.07,98.07,9122424.0,104082.0,98.08
2025-06-09 04:00:00,98.08,98.09,98.08,98.08,9902068.0,137600.0,98.08
2025-06-10 04:00:00,98.1,98.1,98.09,98.09,9201772.0,85493.0,98.1
2025-06-11 04:00:00,98.1,98.11,98.1,98.11,10138754.0,87712.0,98.1
2025-06-12 04:00:00,98.12,98.12,98.11,98.12,9574898.0,106742.0,98.12
2025-06-13 04:00:00,98.15,98.16,98.15,98.16,7879656.0,69939.0,98.15
2025-06-16 04:00:00,98.17,98.17,98.16,98.16,10286452.0,137033.0,98.16
2025-06-17 04:00:00,98.18,98.18,98.17,98.17,8734456.0,91295.0,98.17
2025-06-18 04:00:00,98.2,98.2,98.19,98.19,9783421.0,78704.0,98.2
2025-06-20 04:00:00,98.23,98.24,98.23,98.23,9399417.0,78422.0,98.23
2025-06-23 04:00:00,98.24,98.25,98.24,98.25,8847271.0,82768.0,98.24
2025-06-24 04:00:00,98.26,98.27,98.26,98.26,10132088.0,117239.0,98.26
2025-06-25 04:00:00,98.27,98.28,98.27,98.27,8015135.0,76888.0,98.27
2025-06-26 04:00:00,98.29,98.29,98.28,98.28,9277650.0,85231.0,98.28
2025-06-27 04:00:00,98.31,98.31,98.31,98.31,9742349.0,108124.0,98.31
2025-06-30 04:00:00,98.31,98.32,98.31,98.31,18195597.0,114883.0,98.32
2025-07-01 04:00:00,98.34,98.34,98.33,98.34,24173857.0,152236.0,98.34
2025-07-02 04:00:00,98.35,98.35,98.34,98.34,10850770.0,115006.0,98.35
2025-07-03 04:00:00,98.39,98.4,98.39,98.39,7404737.0,86087.0,98.4
2025-07-07 04:00:00,98.41,98.41,98.4,98.41,12363915.0,124184.0,98.41
2025-07-08 04:00:00,98.42,98.43,98.41,98.43,13107782.0,135108.0,98.42
2025-07-09 04:00:00,98.43,98.43,98.42,98.42,11156609.0,109974.0,98.43
2025-07-10 04:00:00,98.44,98.45,98.43,98.44,10071650.0,99642.0,98.44
2025-07-11 04:00:00,98.47,98.48,98.47,98.48,9288861.0,123801.0,98.47
2025-07-14 04:00:00,98.49,98.49,98.48,98.48,10293900.0,132350.0,98.49
2025-07-15 04:00:00,98.5,98.5,98.49,98.49,10207102.0,148781.0,98.5
2025-07-16 04:00:00,98.51,98.52,98.51,98.52,8179400.0,99864.0,98.51
2025-07-17 04:00:00,98.52,98.53,98.52,98.53,9040378.0,92900.0,98.52
2025-07-18 04:00:00,98.55,98.56,98.55,98.56,9399450.0,124836.0,98.55
2025-07-21 04:00:00,98.56,98.57,98.56,98.57,12892970.0,146052.0,98.56
2025-07-22 04:00:00,98.59,98.59,98.58,98.59,9340615.0,178293.0,98.58
2025-07-23 04:00:00,98.6,98.6,98.59,98.6,8056133.0,210597.0,98.59
2025-07-24 04:00:00,98.6,98.61,98.6,98.61,10701572.0,204218.0,98.6
2025-07-25 04:00:00,98.64,98.64,98.63,98.63,9776556.0,223407.0,98.63
2025-07-28 04:00:00,98.65,98.65,98.65,98.65,11580972.0,212154.0,98.65
2025-07-29 04:00:00,98.65,98.66,98.65,98.65,8622304.0,147355.0,98.66
2025-07-30 04:00:00,98.66,98.67,98.66,98.67,9105989.0,241787.0,98.67
2025-07-31 04:00:00,98.68,98.68,98.67,98.68,19051163.0,124546.0,98.68
2025-08-01 04:00:00,98.72,98.73,98.72,98.72,26832546.0,174511.0,98.72
2025-08-04 04:00:00,98.73,98.74,98.73,98.74,14766378.0,243989.0,98.73
2025-08-05 04:00:00,98.74,98.75,98.74,98.75,12350267.0,166776.0,98.74
2025-08-06 04:00:00,98.76,98.76,98.75,98.76,10653896.0,143034.0,98.75
2025-08-07 04:00:00,98.77,98.77,98.76,98.76,10823043.0,137015.0,98.76
2025-08-08 04:00:00,98.8,98.8,98.79,98.8,12066256.0,133704.0,98.8
2025-08-11 04:00:00,98.81,98.81,98.8,98.81,12940323.0,111214.0,98.81
2025-08-12 04:00:00,98.82,98.82,98.81,98.81,13082890.0,87873.0,98.82
2025-08-13 04:00:00,98.83,98.84,98.82,98.83,12144760.0,82409.0,98.83
2025-08-14 04:00:00,98.84,98.85,98.84,98.84,9798909.0,56540.0,98.85
2025-08-15 04:00:00,98.88,98.88,98.87,98.87,9493913.0,54215.0,98.88
2025-08-18 04:00:00,98.89,98.9,98.88,98.9,14768501.0,134901.0,98.89
2025-08-19 04:00:00,98.91,98.91,98.9,98.9,10474910.0,93591.0,98.91
2025-08-20 04:00:00,98.92,98.92,98.91,98.92,10922074.0,68600.0,98.92
2025-08-21 04:00:00,98.93,98.93,98.92,98.92,8765277.0,49534.0,98.93
2025-08-22 04:00:00,98.96,98.96,98.95,98.96,13160407.0,64885.0,98.96
2025-08-25 04:00:00,98.98,98.98,98.97,98.98,13555951.0,113295.0,98.98
2025-08-26 04:00:00,98.99,98.99,98.98,98.98,8741589.0,60286.0,98.99
2025-08-27 04:00:00,99.0,99.0,98.99,98.99,7384602.0,43103.0,99.0
2025-08-28 04:00:00,99.01,99.01,99.0,99.0,8816581.0,44219.0,99.01
2025-08-29 04:00:00,99.04,99.06,99.04,99.06,21369382.0,71151.0,99.05
2025-09-02 04:00:00,99.07,99.07,99.06,99.07,27254500.0,131471.0,99.07
2025-09-03 04:00:00,99.08,99.08,99.07,99.08,14296020.0,71525.0,99.08
2025-09-04 04:00:00,99.1,99.1,99.09,99.1,11300205.0,53050.0,99.1
2025-09-05 04:00:00,99.13,99.13,99.12,99.12,15168294.0,87063.0,99.13
2025-09-08 04:00:00,99.14,99.15,99.14,99.15,12715060.0,103540.0,99.14
2025-09-09 04:00:00,99.16,99.16,99.15,99.15,11005482.0,67479.0,99.15
2025-09-10 04:00:00,99.16,99.17,99.16,99.16,9356560.0,53504.0,99.16
2025-09-11 04:00:00,99.17,99.18,99.17,99.18,9077714.0,59003.0,99.17
2025-09-12 04:00:00,99.21,99.22,99.21,99.21,10482015.0,64969.0,99.21
2025-09-15 04:00:00,99.21,99.22,99.21,99.21,15288263.0,101901.0,99.21
2025-09-16 04:00:00,99.23,99.24,99.23,99.23,11551921.0,74350.0,99.23
2025-09-17 04:00:00,99.25,99.25,99.24,99.24,10381170.0,57237.0,99.24
2025-09-18 04:00:00,99.26,99.26,99.25,99.26,13414464.0,85927.0,99.25
2025-09-19 04:00:00,99.29,99.3,99.29,99.3,11174043.0,72487.0,99.29
2025-09-22 04:00:00,99.3,99.31,99.3,99.3,12279489.0,106497.0,99.3
2025-09-23 04:00:00,99.31,99.32,99.31,99.32,11191733.0,79155.0,99.31
2025-09-24 04:00:00,99.32,99.33,99.32,99.33,10108514.0,61945.0,99.32
2025-09-25 04:00:00,99.33,99.34,99.33,99.34,10549077.0,63199.0,99.33
2025-09-26 04:00:00,99.36,99.37,99.36,99.37,10688563.0,63573.0,99.36
2025-09-29 04:00:00,99.38,99.38,99.37,99.38,13580791.0,111199.0,99.37
2025-09-30 04:00:00,99.38,99.39,99.38,99.38,22909483.0,82037.0,99.38
2025-10-01 04:00:00,99.4,99.4,99.39,99.39,26613614.0,116687.0,99.4
2025-10-02 04:00:00,99.41,99.41,99.4,99.4,12870108.0,87115.0,99.41
2025-10-03 04:00:00,99.44,99.44,99.43,99.44,13837390.0,89399.0,99.44
2025-10-06 04:00:00,99.45,99.45,99.44,99.44,13944331.0,129922.0,99.45
2025-10-07 04:00:00,99.46,99.46,99.45,99.46,14289065.0,98656.0,99.46
2025-10-08 04:00:00,99.47,99.47,99.46,99.47,16811191.0,109727.0,99.47
2025-10-09 04:00:00,99.49,99.49,99.47,99.48,15718869.0,129654.0,99.48
2025-10-10 04:00:00,99.52,99.53,99.51,99.53,18966564.0,113700.0,99.52
2025-10-13 04:00:00,99.52,99.53,99.52,99.52,14453476.0,95666.0,99.53
2025-10-14 04:00:00,99.53,99.54,99.53,99.53,13475029.0,67027.0,99.54
2025-10-15 04:00:00,99.55,99.55,99.54,99.55,11069105.0,68705.0,99.55
2025-10-16 04:00:00,99.56,99.56,99.55,99.56,12394460.0,68300.0,99.56
2025-10-17 04:00:00,99.59,99.59,99.58,99.59,14603544.0,86926.0,99.59
2025-10-20 04:00:00,99.6,99.6,99.59,99.6,16129081.0,138899.0,99.6
2025-10-21 04:00:00,99.61,99.62,99.61,99.62,12059328.0,87999.0,99.61
2025-10-22 04:00:00,99.63,99.63,99.62,99.63,9089895.0,57645.0,99.63
2025-10-23 04:00:00,99.64,99.64,99.63,99.64,10658110.0,49985.0,99.64
2025-10-24 04:00:00,99.67,99.67,99.66,99.67,12382006.0,61874.0,99.67
2025-10-27 04:00:00,99.67,99.69,99.67,99.68,26389577.0,87331.0,99.68
2025-10-28 04:00:00,99.69,99.7,99.69,99.69,11134718.0,70188.0,99.69
2025-10-29 04:00:00,99.71,99.71,99.7,99.7,14177712.0,59562.0,99.7
2025-10-30 04:00:00,99.71,99.72,99.71,99.71,12370729.0,65183.0,99.71
2025-10-31 04:00:00,99.74,99.75,99.74,99.74,23254098.0,72241.0,99.74
2025-11-03 05:00:00,99.76,99.77,99.76,99.77,27049195.0,103022.0,99.76
2025-11-04 05:00:00,99.77,99.77,99.76,99.77,15707493.0,81275.0,99.77
2025-11-05 05:00:00,99.78,99.79,99.78,99.79,11334972.0,52761.0,99.78
2025-11-06 05:00:00,99.8,99.8,99.79,99.8,16658111.0,66873.0,99.79
2025-11-07 05:00:00,99.83,99.83,99.82,99.83,18799018.0,99936.0,99.82
2025-11-10 05:00:00,99.85,99.85,99.84,99.84,14121915.0,138135.0,99.84
2025-11-11 05:00:00,99.85,99.85,99.84,99.85,8697844.0,111939.0,99.84
2025-11-12 05:00:00,99.85,99.86,99.85,99.86,9067202.0,51998.0,99.85
2025-11-13 05:00:00,99.86,99.87,99.86,99.87,11255607.0,70354.0,99.86
2025-11-14 05:00:00,99.9,99.9,99.89,99.9,13522469.0,69283.0,99.89
2025-11-17 05:00:00,99.9,99.91,99.9,99.91,15032831.0,131153.0,99.9
2025-11-18 05:00:00,99.91,99.92,99.91,99.91,13130303.0,79421.0,99.91
2025-11-19 05:00:00,99.92,99.93,99.92,99.93,23022350.0,102152.0,99.92
2025-11-20 05:00:00,99.93,99.95,99.93,99.95,15261696.0,72893.0,99.94
2025-11-21 05:00:00,99.97,99.97,99.96,99.97,16446851.0,79305.0,99.96
2025-11-24 05:00:00,99.98,99.99,99.98,99.98,15830786.0,133252.0,99.98
2025-11-25 05:00:00,100.0,100.0,99.99,100.0,19115046.0,82018.0,99.99
2025-11-26 05:00:00,100.01,100.02,100.01,100.01,11948523.0,68571.0,100.01
2025-11-28 05:00:00,100.03,100.04,100.02,100.03,24417508.0,73601.0,100.03
2025-12-01 05:00:00,100.06,100.06,100.05,100.06,29025592.0,141398.0,100.05
2025-12-02 05:00:00,100.07,100.08,100.07,100.08,14362577.0,94647.0,100.07
2025-12-03 05:00:00,100.09,100.09,100.09,100.09,15531580.0,73118.0,100.09
2025-12-04 05:00:00,100.1,100.11,100.1,100.11,13689588.0,56687.0,100.1
2025-12-05 05:00:00,100.13,100.14,100.13,100.14,17918107.0,60820.0,100.13
2025-12-08 05:00:00,100.14,100.14,100.13,100.14,16657878.0,132122.0,100.14
2025-12-09 05:00:00,100.15,100.15,100.15,100.15,11016406.0,57362.0,100.15
2025-12-10 05:00:00,100.16,100.16,100.15,100.15,12234937.0,55418.0,100.16
2025-12-11 05:00:00,100.17,100.18,100.17,100.17,22343472.0,51856.0,100.17
2025-12-12 05:00:00,100.2,100.21,100.2,100.21,13320203.0,59617.0,100.2
2025-12-15 05:00:00,100.21,100.22,100.21,100.21,14767906.0,113968.0,100.21
2025-12-16 05:00:00,100.23,100.23,100.22,100.22,10701203.0,53668.0,100.22
2025-12-17 05:00:00,100.23,100.24,100.23,100.24,13788228.0,57707.0,100.23
2025-12-18 05:00:00,100.25,100.25,100.24,100.24,20890620.0,67114.0,100.24
2025-12-19 05:00:00,100.28,100.28,100.27,100.28,18203554.0,71168.0,100.275723
